,project,period,commit_messages,pull_request_merged,issue_comment,commit_comments,issue_title,issue_closed,pull_request_title,pull_request_commit_comment,pull_request_commit,State
0,aio-libs~aioredis,20140525,5,0,0,0,0,0,0,0,0,0
1,aio-libs~aioredis,20140526,1,0,0,0,6,0,0,0,1,10
2,aio-libs~aioredis,20140527,5,1,2,0,1,2,1,0,3,11
3,aio-libs~aioredis,20140528,6,0,9,0,4,2,0,0,0,11
4,aio-libs~aioredis,20140529,4,0,5,0,0,0,0,0,0,10
5,aio-libs~aioredis,20140530,6,0,4,0,0,2,0,0,0,11
6,aio-libs~aioredis,20140531,1,0,1,0,0,0,0,0,0,0
7,aio-libs/aioredis,NullState,0,0,0,0,0,0,0,0,0,0
8,aio-libs~aioredis,20140602,2,0,1,0,1,1,0,0,0,11
9,aio-libs~aioredis,20140603,2,0,1,0,0,0,0,0,0,0
10,aio-libs/aioredis,NullState,0,0,0,0,0,0,0,0,0,0
11,aio-libs/aioredis,NullState,0,0,0,0,0,0,0,0,0,0
12,aio-libs~aioredis,20140606,5,0,0,2,1,0,0,0,0,5
13,aio-libs/aioredis,NullState,0,0,0,0,0,0,0,0,0,0
14,aio-libs/aioredis,NullState,0,0,0,0,0,0,0,0,0,0
15,aio-libs/aioredis,NullState,0,0,0,0,0,0,0,0,0,0
16,aio-libs/aioredis,NullState,0,0,0,0,0,0,0,0,0,0
17,aio-libs~aioredis,20140611,1,0,0,0,0,0,0,0,0,0
18,aio-libs~aioredis,20140612,3,0,0,0,0,0,0,0,0,0
19,aio-libs~aioredis,20140613,2,0,1,0,0,2,0,0,0,11
20,aio-libs/aioredis,NullState,0,0,0,0,0,0,0,0,0,0
21,aio-libs~aioredis,20140615,3,0,0,0,0,0,0,0,0,0
22,aio-libs~aioredis,20140616,5,0,0,0,0,0,0,0,6,10
23,aio-libs~aioredis,20140617,3,0,1,0,1,0,1,2,4,10
24,aio-libs~aioredis,20140618,3,1,1,0,1,1,1,0,2,11
25,aio-libs~aioredis,20140619,3,0,0,0,0,0,0,0,0,0
26,aio-libs~aioredis,20140620,1,0,2,0,2,0,0,0,2,10
27,aio-libs~aioredis,20140621,0,0,1,0,0,0,0,0,0,0
28,aio-libs~aioredis,20140622,0,0,0,0,0,0,0,0,2,10
29,aio-libs~aioredis,20140623,0,0,1,0,0,0,0,0,2,10
30,aio-libs~aioredis,20140624,3,0,5,0,1,1,0,0,3,11
31,aio-libs/aioredis,NullState,0,0,0,0,0,0,0,0,0,0
32,aio-libs/aioredis,NullState,0,0,0,0,0,0,0,0,0,0
33,aio-libs/aioredis,NullState,0,0,0,0,0,0,0,0,0,0
34,aio-libs/aioredis,NullState,0,0,0,0,0,0,0,0,0,0
35,aio-libs/aioredis,NullState,0,0,0,0,0,0,0,0,0,0
36,aio-libs~aioredis,20140630,1,0,0,0,1,0,1,0,1,10
37,aio-libs/aioredis,NullState,0,0,0,0,0,0,0,0,0,0
38,aio-libs~aioredis,20140702,2,1,2,0,1,2,1,0,1,11
39,aio-libs~aioredis,20140703,8,1,1,0,1,1,1,0,3,11
40,aio-libs~aioredis,20140704,11,2,1,0,2,2,1,0,1,11
41,aio-libs~aioredis,20140705,3,0,0,0,0,0,0,0,1,10
42,aio-libs~aioredis,20140706,1,0,2,0,1,0,1,0,1,10
43,aio-libs~aioredis,20140707,6,0,2,0,0,0,0,0,1,10
44,aio-libs~aioredis,20140708,3,1,0,0,0,1,0,3,0,5
45,aio-libs~aioredis,20140709,1,0,0,0,1,1,1,0,1,11
46,aio-libs~aioredis,20140710,4,0,3,0,2,2,0,0,2,11
47,aio-libs/aioredis,NullState,0,0,0,0,0,0,0,0,0,0
48,aio-libs~aioredis,20140712,2,0,0,0,1,0,1,0,2,10
49,aio-libs~aioredis,20140713,1,0,1,0,0,0,0,0,1,10
50,aio-libs~aioredis,20140714,1,1,2,0,0,1,0,0,0,11
51,aio-libs~aioredis,20140715,4,0,0,0,0,0,0,0,0,0
52,aio-libs~aioredis,20140716,3,0,1,0,0,0,0,1,3,10
53,aio-libs~aioredis,20140717,1,0,0,0,1,0,1,0,1,10
54,aio-libs~aioredis,20140718,10,2,0,0,1,2,1,0,1,11
55,aio-libs~aioredis,20140719,2,1,1,0,0,1,0,0,1,11
56,aio-libs~aioredis,20140720,0,0,0,0,1,0,0,0,0,0
57,aio-libs~aioredis,20140721,6,1,4,0,2,1,1,0,2,11
58,aio-libs/aioredis,NullState,0,0,0,0,0,0,0,0,0,0
59,aio-libs~aioredis,20140723,0,0,0,0,1,0,1,0,0,10
60,aio-libs~aioredis,20140724,2,1,2,0,1,2,1,0,1,11
61,aio-libs~aioredis,20140725,2,1,2,0,0,1,0,0,1,11
62,aio-libs~aioredis,20140726,2,0,0,0,1,0,1,0,2,10
63,aio-libs/aioredis,NullState,0,0,0,0,0,0,0,0,0,0
64,aio-libs~aioredis,20140728,5,1,1,0,1,1,1,0,3,11
65,aio-libs~aioredis,20140729,3,1,2,0,1,1,1,0,2,11
66,aio-libs~aioredis,20140730,1,0,1,0,0,0,0,0,1,10
67,aio-libs~aioredis,20140731,4,1,0,0,0,2,0,0,0,11
68,aio-libs~aioredis,20140801,5,0,0,0,0,0,0,0,5,10
69,aio-libs/aioredis,NullState,0,0,0,0,0,0,0,0,0,0
70,aio-libs/aioredis,NullState,0,0,0,0,0,0,0,0,0,0
71,aio-libs~aioredis,20140804,5,1,2,0,3,2,2,0,3,11
72,aio-libs~aioredis,20140805,2,1,1,0,0,1,0,0,0,11
73,aio-libs~aioredis,20140806,2,0,0,0,0,0,0,0,0,0
74,aio-libs~aioredis,20140807,2,0,0,0,0,0,0,0,0,0
75,aio-libs~aioredis,20140808,3,0,0,0,0,0,0,0,0,0
76,aio-libs/aioredis,NullState,0,0,0,0,0,0,0,0,0,0
77,aio-libs/aioredis,NullState,0,0,0,0,0,0,0,0,0,0
78,aio-libs~aioredis,20140811,7,0,0,0,2,0,0,0,7,10
79,aio-libs~aioredis,20140812,2,0,1,0,2,1,1,0,2,11
80,aio-libs~aioredis,20140813,8,1,1,0,0,2,0,0,3,11
81,aio-libs/aioredis,NullState,0,0,0,0,0,0,0,0,0,0
82,aio-libs/aioredis,NullState,0,0,0,0,0,0,0,0,0,0
83,aio-libs/aioredis,NullState,0,0,0,0,0,0,0,0,0,0
84,aio-libs/aioredis,NullState,0,0,0,0,0,0,0,0,0,0
85,aio-libs/aioredis,NullState,0,0,0,0,0,0,0,0,0,0
86,aio-libs/aioredis,NullState,0,0,0,0,0,0,0,0,0,0
87,aio-libs~aioredis,20140820,1,0,0,0,0,0,0,0,0,0
88,aio-libs/aioredis,NullState,0,0,0,0,0,0,0,0,0,0
89,aio-libs~aioredis,20140822,1,0,0,0,0,0,0,0,0,0
90,aio-libs/aioredis,NullState,0,0,0,0,0,0,0,0,0,0
91,aio-libs/aioredis,NullState,0,0,0,0,0,0,0,0,0,0
92,aio-libs/aioredis,NullState,0,0,0,0,0,0,0,0,0,0
93,aio-libs/aioredis,NullState,0,0,0,0,0,0,0,0,0,0
94,aio-libs/aioredis,NullState,0,0,0,0,0,0,0,0,0,0
95,aio-libs~aioredis,20140828,1,0,0,0,0,0,0,0,1,10
96,aio-libs~aioredis,20140829,1,0,0,0,0,0,0,0,1,10
97,aio-libs/aioredis,NullState,0,0,0,0,0,0,0,0,0,0
98,aio-libs/aioredis,NullState,0,0,0,0,0,0,0,0,0,0
99,aio-libs/aioredis,NullState,0,0,0,0,0,0,0,0,0,0
100,aio-libs/aioredis,NullState,0,0,0,0,0,0,0,0,0,0
101,aio-libs/aioredis,NullState,0,0,0,0,0,0,0,0,0,0
102,aio-libs/aioredis,NullState,0,0,0,0,0,0,0,0,0,0
103,aio-libs/aioredis,NullState,0,0,0,0,0,0,0,0,0,0
104,aio-libs/aioredis,NullState,0,0,0,0,0,0,0,0,0,0
105,aio-libs/aioredis,NullState,0,0,0,0,0,0,0,0,0,0
106,aio-libs/aioredis,NullState,0,0,0,0,0,0,0,0,0,0
107,aio-libs/aioredis,NullState,0,0,0,0,0,0,0,0,0,0
108,aio-libs/aioredis,NullState,0,0,0,0,0,0,0,0,0,0
109,aio-libs/aioredis,NullState,0,0,0,0,0,0,0,0,0,0
110,aio-libs/aioredis,NullState,0,0,0,0,0,0,0,0,0,0
111,aio-libs/aioredis,NullState,0,0,0,0,0,0,0,0,0,0
112,aio-libs/aioredis,NullState,0,0,0,0,0,0,0,0,0,0
113,aio-libs/aioredis,NullState,0,0,0,0,0,0,0,0,0,0
114,aio-libs/aioredis,NullState,0,0,0,0,0,0,0,0,0,0
115,aio-libs/aioredis,NullState,0,0,0,0,0,0,0,0,0,0
116,aio-libs/aioredis,NullState,0,0,0,0,0,0,0,0,0,0
117,aio-libs/aioredis,NullState,0,0,0,0,0,0,0,0,0,0
118,aio-libs/aioredis,NullState,0,0,0,0,0,0,0,0,0,0
119,aio-libs/aioredis,NullState,0,0,0,0,0,0,0,0,0,0
120,aio-libs~aioredis,20140922,7,2,0,0,3,2,2,0,4,11
121,aio-libs~aioredis,20140923,1,0,1,0,0,1,0,0,0,11
122,aio-libs~aioredis,20140924,0,0,0,0,1,0,1,0,3,10
123,aio-libs~aioredis,20140925,0,0,7,0,0,0,0,0,2,10
124,aio-libs~aioredis,20140926,2,0,2,0,0,0,0,2,1,10
125,aio-libs/aioredis,NullState,0,0,0,0,0,0,0,0,0,0
126,aio-libs~aioredis,20140928,0,0,0,0,0,1,0,0,0,11
127,aio-libs/aioredis,NullState,0,0,0,0,0,0,0,0,0,0
128,aio-libs~aioredis,20140930,1,0,0,0,0,0,0,0,0,0
129,aio-libs~aioredis,20141001,1,0,0,0,0,0,0,0,0,0
130,aio-libs/aioredis,NullState,0,0,0,0,0,0,0,0,0,0
131,aio-libs/aioredis,NullState,0,0,0,0,0,0,0,0,0,0
132,aio-libs/aioredis,NullState,0,0,0,0,0,0,0,0,0,0
133,aio-libs~aioredis,20141005,3,0,0,0,1,0,1,0,3,10
134,aio-libs~aioredis,20141006,0,0,3,0,0,0,0,2,0,10
135,aio-libs~aioredis,20141007,2,0,10,0,0,0,0,2,2,10
136,aio-libs~aioredis,20141008,2,1,1,0,0,1,0,0,0,11
137,aio-libs~aioredis,20141009,1,0,0,0,0,0,0,0,0,0
138,aio-libs/aioredis,NullState,0,0,0,0,0,0,0,0,0,0
139,aio-libs/aioredis,NullState,0,0,0,0,0,0,0,0,0,0
140,aio-libs/aioredis,NullState,0,0,0,0,0,0,0,0,0,0
141,aio-libs/aioredis,NullState,0,0,0,0,0,0,0,0,0,0
142,aio-libs/aioredis,NullState,0,0,0,0,0,0,0,0,0,0
143,aio-libs/aioredis,NullState,0,0,0,0,0,0,0,0,0,0
144,aio-libs/aioredis,NullState,0,0,0,0,0,0,0,0,0,0
145,aio-libs/aioredis,NullState,0,0,0,0,0,0,0,0,0,0
146,aio-libs/aioredis,NullState,0,0,0,0,0,0,0,0,0,0
147,aio-libs/aioredis,NullState,0,0,0,0,0,0,0,0,0,0
148,aio-libs/aioredis,NullState,0,0,0,0,0,0,0,0,0,0
149,aio-libs/aioredis,NullState,0,0,0,0,0,0,0,0,0,0
150,aio-libs/aioredis,NullState,0,0,0,0,0,0,0,0,0,0
151,aio-libs/aioredis,NullState,0,0,0,0,0,0,0,0,0,0
152,aio-libs/aioredis,NullState,0,0,0,0,0,0,0,0,0,0
153,aio-libs/aioredis,NullState,0,0,0,0,0,0,0,0,0,0
154,aio-libs/aioredis,NullState,0,0,0,0,0,0,0,0,0,0
155,aio-libs/aioredis,NullState,0,0,0,0,0,0,0,0,0,0
156,aio-libs/aioredis,NullState,0,0,0,0,0,0,0,0,0,0
157,aio-libs/aioredis,NullState,0,0,0,0,0,0,0,0,0,0
158,aio-libs~aioredis,20141030,0,0,0,0,1,0,0,0,0,0
159,aio-libs/aioredis,NullState,0,0,0,0,0,0,0,0,0,0
160,aio-libs/aioredis,NullState,0,0,0,0,0,0,0,0,0,0
161,aio-libs/aioredis,NullState,0,0,0,0,0,0,0,0,0,0
162,aio-libs/aioredis,NullState,0,0,0,0,0,0,0,0,0,0
163,aio-libs/aioredis,NullState,0,0,0,0,0,0,0,0,0,0
164,aio-libs~aioredis,20141105,1,0,0,0,1,0,1,0,1,10
165,aio-libs~aioredis,20141106,0,0,0,0,0,0,0,2,0,10
166,aio-libs/aioredis,NullState,0,0,0,0,0,0,0,0,0,0
167,aio-libs/aioredis,NullState,0,0,0,0,0,0,0,0,0,0
168,aio-libs/aioredis,NullState,0,0,0,0,0,0,0,0,0,0
169,aio-libs~aioredis,20141110,4,2,4,0,1,2,1,5,2,4
170,aio-libs/aioredis,NullState,0,0,0,0,0,0,0,0,0,0
171,aio-libs/aioredis,NullState,0,0,0,0,0,0,0,0,0,0
172,aio-libs/aioredis,NullState,0,0,0,0,0,0,0,0,0,0
173,aio-libs/aioredis,NullState,0,0,0,0,0,0,0,0,0,0
174,aio-libs/aioredis,NullState,0,0,0,0,0,0,0,0,0,0
175,aio-libs/aioredis,NullState,0,0,0,0,0,0,0,0,0,0
176,aio-libs/aioredis,NullState,0,0,0,0,0,0,0,0,0,0
177,aio-libs/aioredis,NullState,0,0,0,0,0,0,0,0,0,0
178,aio-libs~aioredis,20141119,0,0,1,0,1,0,0,0,0,0
179,aio-libs/aioredis,NullState,0,0,0,0,0,0,0,0,0,0
180,aio-libs/aioredis,NullState,0,0,0,0,0,0,0,0,0,0
181,aio-libs/aioredis,NullState,0,0,0,0,0,0,0,0,0,0
182,aio-libs/aioredis,NullState,0,0,0,0,0,0,0,0,0,0
183,aio-libs/aioredis,NullState,0,0,0,0,0,0,0,0,0,0
184,aio-libs/aioredis,NullState,0,0,0,0,0,0,0,0,0,0
185,aio-libs/aioredis,NullState,0,0,0,0,0,0,0,0,0,0
186,aio-libs/aioredis,NullState,0,0,0,0,0,0,0,0,0,0
187,aio-libs/aioredis,NullState,0,0,0,0,0,0,0,0,0,0
188,aio-libs/aioredis,NullState,0,0,0,0,0,0,0,0,0,0
189,aio-libs/aioredis,NullState,0,0,0,0,0,0,0,0,0,0
190,aio-libs/aioredis,NullState,0,0,0,0,0,0,0,0,0,0
191,aio-libs/aioredis,NullState,0,0,0,0,0,0,0,0,0,0
192,aio-libs/aioredis,NullState,0,0,0,0,0,0,0,0,0,0
193,aio-libs~aioredis,20141204,1,0,0,0,1,0,1,0,1,10
194,aio-libs~aioredis,20141205,1,1,0,0,0,1,0,0,0,11
195,aio-libs/aioredis,NullState,0,0,0,0,0,0,0,0,0,0
196,aio-libs/aioredis,NullState,0,0,0,0,0,0,0,0,0,0
197,aio-libs/aioredis,NullState,0,0,0,0,0,0,0,0,0,0
198,aio-libs~aioredis,20141209,3,0,1,0,0,1,0,0,0,11
199,aio-libs/aioredis,NullState,0,0,0,0,0,0,0,0,0,0
200,aio-libs/aioredis,NullState,0,0,0,0,0,0,0,0,0,0
201,aio-libs~aioredis,20141212,0,0,3,0,0,0,0,0,0,10
202,aio-libs/aioredis,NullState,0,0,0,0,0,0,0,0,0,0
203,aio-libs/aioredis,NullState,0,0,0,0,0,0,0,0,0,0
204,aio-libs~aioredis,20141215,1,0,1,0,1,0,1,0,1,10
205,aio-libs~aioredis,20141216,5,1,0,0,0,1,0,0,0,11
206,aio-libs~aioredis,20141217,0,0,2,1,0,0,0,0,0,5
207,aio-libs/aioredis,NullState,0,0,0,0,0,0,0,0,0,0
208,aio-libs/aioredis,NullState,0,0,0,0,0,0,0,0,0,0
209,aio-libs/aioredis,NullState,0,0,0,0,0,0,0,0,0,0
210,aio-libs/aioredis,NullState,0,0,0,0,0,0,0,0,0,0
211,aio-libs/aioredis,NullState,0,0,0,0,0,0,0,0,0,0
212,aio-libs/aioredis,NullState,0,0,0,0,0,0,0,0,0,0
213,aio-libs/aioredis,NullState,0,0,0,0,0,0,0,0,0,0
214,aio-libs/aioredis,NullState,0,0,0,0,0,0,0,0,0,0
215,aio-libs/aioredis,NullState,0,0,0,0,0,0,0,0,0,0
216,aio-libs/aioredis,NullState,0,0,0,0,0,0,0,0,0,0
217,aio-libs/aioredis,NullState,0,0,0,0,0,0,0,0,0,0
218,aio-libs/aioredis,NullState,0,0,0,0,0,0,0,0,0,0
219,aio-libs/aioredis,NullState,0,0,0,0,0,0,0,0,0,0
220,aio-libs/aioredis,NullState,0,0,0,0,0,0,0,0,0,0
221,aio-libs/aioredis,NullState,0,0,0,0,0,0,0,0,0,0
222,aio-libs/aioredis,NullState,0,0,0,0,0,0,0,0,0,0
223,aio-libs/aioredis,NullState,0,0,0,0,0,0,0,0,0,0
224,aio-libs/aioredis,NullState,0,0,0,0,0,0,0,0,0,0
225,aio-libs/aioredis,NullState,0,0,0,0,0,0,0,0,0,0
226,aio-libs/aioredis,NullState,0,0,0,0,0,0,0,0,0,0
227,aio-libs/aioredis,NullState,0,0,0,0,0,0,0,0,0,0
228,aio-libs/aioredis,NullState,0,0,0,0,0,0,0,0,0,0
229,aio-libs/aioredis,NullState,0,0,0,0,0,0,0,0,0,0
230,aio-libs/aioredis,NullState,0,0,0,0,0,0,0,0,0,0
231,aio-libs/aioredis,NullState,0,0,0,0,0,0,0,0,0,0
232,aio-libs/aioredis,NullState,0,0,0,0,0,0,0,0,0,0
233,aio-libs/aioredis,NullState,0,0,0,0,0,0,0,0,0,0
234,aio-libs/aioredis,NullState,0,0,0,0,0,0,0,0,0,0
235,aio-libs/aioredis,NullState,0,0,0,0,0,0,0,0,0,0
236,aio-libs/aioredis,NullState,0,0,0,0,0,0,0,0,0,0
237,aio-libs/aioredis,NullState,0,0,0,0,0,0,0,0,0,0
238,aio-libs/aioredis,NullState,0,0,0,0,0,0,0,0,0,0
239,aio-libs/aioredis,NullState,0,0,0,0,0,0,0,0,0,0
240,aio-libs/aioredis,NullState,0,0,0,0,0,0,0,0,0,0
241,aio-libs/aioredis,NullState,0,0,0,0,0,0,0,0,0,0
242,aio-libs/aioredis,NullState,0,0,0,0,0,0,0,0,0,0
243,aio-libs/aioredis,NullState,0,0,0,0,0,0,0,0,0,0
244,aio-libs/aioredis,NullState,0,0,0,0,0,0,0,0,0,0
245,aio-libs/aioredis,NullState,0,0,0,0,0,0,0,0,0,0
246,aio-libs/aioredis,NullState,0,0,0,0,0,0,0,0,0,0
247,aio-libs/aioredis,NullState,0,0,0,0,0,0,0,0,0,0
248,aio-libs/aioredis,NullState,0,0,0,0,0,0,0,0,0,0
249,aio-libs/aioredis,NullState,0,0,0,0,0,0,0,0,0,0
250,aio-libs/aioredis,NullState,0,0,0,0,0,0,0,0,0,0
251,aio-libs/aioredis,NullState,0,0,0,0,0,0,0,0,0,0
252,aio-libs/aioredis,NullState,0,0,0,0,0,0,0,0,0,0
253,aio-libs/aioredis,NullState,0,0,0,0,0,0,0,0,0,0
254,aio-libs/aioredis,NullState,0,0,0,0,0,0,0,0,0,0
255,aio-libs/aioredis,NullState,0,0,0,0,0,0,0,0,0,0
256,aio-libs/aioredis,NullState,0,0,0,0,0,0,0,0,0,0
257,aio-libs/aioredis,NullState,0,0,0,0,0,0,0,0,0,0
258,aio-libs/aioredis,NullState,0,0,0,0,0,0,0,0,0,0
259,aio-libs/aioredis,NullState,0,0,0,0,0,0,0,0,0,0
260,aio-libs/aioredis,NullState,0,0,0,0,0,0,0,0,0,0
261,aio-libs/aioredis,NullState,0,0,0,0,0,0,0,0,0,0
262,aio-libs/aioredis,NullState,0,0,0,0,0,0,0,0,0,0
263,aio-libs/aioredis,NullState,0,0,0,0,0,0,0,0,0,0
264,aio-libs/aioredis,NullState,0,0,0,0,0,0,0,0,0,0
265,aio-libs/aioredis,NullState,0,0,0,0,0,0,0,0,0,0
266,aio-libs/aioredis,NullState,0,0,0,0,0,0,0,0,0,0
267,aio-libs/aioredis,NullState,0,0,0,0,0,0,0,0,0,0
268,aio-libs/aioredis,NullState,0,0,0,0,0,0,0,0,0,0
269,aio-libs/aioredis,NullState,0,0,0,0,0,0,0,0,0,0
270,aio-libs/aioredis,NullState,0,0,0,0,0,0,0,0,0,0
271,aio-libs/aioredis,NullState,0,0,0,0,0,0,0,0,0,0
272,aio-libs/aioredis,NullState,0,0,0,0,0,0,0,0,0,0
273,aio-libs~aioredis,20150222,0,0,2,0,0,0,0,0,0,0
274,aio-libs~aioredis,20150223,0,0,1,0,0,0,0,0,0,0
275,aio-libs~aioredis,20150224,2,0,3,0,1,0,1,0,2,10
276,aio-libs~aioredis,20150225,1,1,1,0,0,1,0,0,0,11
277,aio-libs/aioredis,NullState,0,0,0,0,0,0,0,0,0,0
278,aio-libs/aioredis,NullState,0,0,0,0,0,0,0,0,0,0
279,aio-libs/aioredis,NullState,0,0,0,0,0,0,0,0,0,0
280,aio-libs/aioredis,NullState,0,0,0,0,0,0,0,0,0,0
281,aio-libs/aioredis,NullState,0,0,0,0,0,0,0,0,0,0
282,aio-libs/aioredis,NullState,0,0,0,0,0,0,0,0,0,0
283,aio-libs/aioredis,NullState,0,0,0,0,0,0,0,0,0,0
284,aio-libs~aioredis,20150305,0,0,5,0,0,1,0,0,0,11
285,aio-libs/aioredis,NullState,0,0,0,0,0,0,0,0,0,0
286,aio-libs/aioredis,NullState,0,0,0,0,0,0,0,0,0,0
287,aio-libs/aioredis,NullState,0,0,0,0,0,0,0,0,0,0
288,aio-libs/aioredis,NullState,0,0,0,0,0,0,0,0,0,0
289,aio-libs/aioredis,NullState,0,0,0,0,0,0,0,0,0,0
290,aio-libs/aioredis,NullState,0,0,0,0,0,0,0,0,0,0
291,aio-libs/aioredis,NullState,0,0,0,0,0,0,0,0,0,0
292,aio-libs/aioredis,NullState,0,0,0,0,0,0,0,0,0,0
293,aio-libs/aioredis,NullState,0,0,0,0,0,0,0,0,0,0
294,aio-libs/aioredis,NullState,0,0,0,0,0,0,0,0,0,0
295,aio-libs~aioredis,20150316,1,0,0,0,0,0,0,0,0,0
296,aio-libs/aioredis,NullState,0,0,0,0,0,0,0,0,0,0
297,aio-libs/aioredis,NullState,0,0,0,0,0,0,0,0,0,0
298,aio-libs/aioredis,NullState,0,0,0,0,0,0,0,0,0,0
299,aio-libs/aioredis,NullState,0,0,0,0,0,0,0,0,0,0
300,aio-libs/aioredis,NullState,0,0,0,0,0,0,0,0,0,0
301,aio-libs/aioredis,NullState,0,0,0,0,0,0,0,0,0,0
302,aio-libs~aioredis,20150323,0,0,2,0,0,0,0,0,0,0
303,aio-libs/aioredis,NullState,0,0,0,0,0,0,0,0,0,0
304,aio-libs~aioredis,20150325,2,0,0,0,0,0,0,0,1,10
305,aio-libs/aioredis,NullState,0,0,0,0,0,0,0,0,0,0
306,aio-libs/aioredis,NullState,0,0,0,0,0,0,0,0,0,0
307,aio-libs/aioredis,NullState,0,0,0,0,0,0,0,0,0,0
308,aio-libs~aioredis,20150329,2,0,0,0,0,0,0,0,2,10
309,aio-libs~aioredis,20150330,1,0,0,0,1,0,0,0,1,10
310,aio-libs~aioredis,20150331,0,0,5,0,0,0,0,0,0,10
311,aio-libs/aioredis,NullState,0,0,0,0,0,0,0,0,0,0
312,aio-libs/aioredis,NullState,0,0,0,0,0,0,0,0,0,0
313,aio-libs~aioredis,20150403,0,0,3,0,1,0,0,0,0,10
314,aio-libs/aioredis,NullState,0,0,0,0,0,0,0,0,0,0
315,aio-libs/aioredis,NullState,0,0,0,0,0,0,0,0,0,0
316,aio-libs~aioredis,20150406,5,0,0,0,0,0,0,0,1,10
317,aio-libs/aioredis,NullState,0,0,0,0,0,0,0,0,0,0
318,aio-libs~aioredis,20150408,0,0,11,0,0,0,1,4,2,10
319,aio-libs~aioredis,20150409,0,0,8,0,0,1,0,0,0,11
320,aio-libs/aioredis,NullState,0,0,0,0,0,0,0,0,0,0
321,aio-libs/aioredis,NullState,0,0,0,0,0,0,0,0,0,0
322,aio-libs/aioredis,NullState,0,0,0,0,0,0,0,0,0,0
323,aio-libs/aioredis,NullState,0,0,0,0,0,0,0,0,0,0
324,aio-libs/aioredis,NullState,0,0,0,0,0,0,0,0,0,0
325,aio-libs~aioredis,20150415,1,0,0,0,0,0,0,0,0,0
326,aio-libs/aioredis,NullState,0,0,0,0,0,0,0,0,0,0
327,aio-libs~aioredis,20150417,1,0,0,0,0,0,0,0,1,10
328,aio-libs/aioredis,NullState,0,0,0,0,0,0,0,0,0,0
329,aio-libs/aioredis,NullState,0,0,0,0,0,0,0,0,0,0
330,aio-libs~aioredis,20150420,2,0,0,0,0,0,0,0,2,10
331,aio-libs/aioredis,NullState,0,0,0,0,0,0,0,0,0,0
332,aio-libs/aioredis,NullState,0,0,0,0,0,0,0,0,0,0
333,aio-libs~aioredis,20150423,0,0,2,0,1,0,0,0,0,10
334,aio-libs/aioredis,NullState,0,0,0,0,0,0,0,0,0,0
335,aio-libs/aioredis,NullState,0,0,0,0,0,0,0,0,0,0
336,aio-libs/aioredis,NullState,0,0,0,0,0,0,0,0,0,0
337,aio-libs/aioredis,NullState,0,0,0,0,0,0,0,0,0,0
338,aio-libs~aioredis,20150428,0,0,2,0,0,0,0,0,0,0
339,aio-libs~aioredis,20150429,2,1,2,0,1,1,1,0,1,11
340,aio-libs~aioredis,20150430,1,0,2,0,1,0,1,0,1,10
341,aio-libs~aioredis,20150501,1,1,1,0,0,1,0,0,0,11
342,aio-libs/aioredis,NullState,0,0,0,0,0,0,0,0,0,0
343,aio-libs/aioredis,NullState,0,0,0,0,0,0,0,0,0,0
344,aio-libs/aioredis,NullState,0,0,0,0,0,0,0,0,0,0
345,aio-libs/aioredis,NullState,0,0,0,0,0,0,0,0,0,0
346,aio-libs/aioredis,NullState,0,0,0,0,0,0,0,0,0,0
347,aio-libs/aioredis,NullState,0,0,0,0,0,0,0,0,0,0
348,aio-libs/aioredis,NullState,0,0,0,0,0,0,0,0,0,0
349,aio-libs/aioredis,NullState,0,0,0,0,0,0,0,0,0,0
350,aio-libs/aioredis,NullState,0,0,0,0,0,0,0,0,0,0
351,aio-libs/aioredis,NullState,0,0,0,0,0,0,0,0,0,0
352,aio-libs/aioredis,NullState,0,0,0,0,0,0,0,0,0,0
353,aio-libs/aioredis,NullState,0,0,0,0,0,0,0,0,0,0
354,aio-libs~aioredis,20150514,2,0,2,0,1,0,1,0,2,10
355,aio-libs/aioredis,NullState,0,0,0,0,0,0,0,0,0,0
356,aio-libs/aioredis,NullState,0,0,0,0,0,0,0,0,0,0
357,aio-libs/aioredis,NullState,0,0,0,0,0,0,0,0,0,0
358,aio-libs/aioredis,NullState,0,0,0,0,0,0,0,0,0,0
359,aio-libs/aioredis,NullState,0,0,0,0,0,0,0,0,0,0
360,aio-libs~aioredis,20150520,1,0,1,0,0,0,0,0,1,10
361,aio-libs/aioredis,NullState,0,0,0,0,0,0,0,0,0,0
362,aio-libs~aioredis,20150522,1,0,2,0,0,0,0,0,1,10
363,aio-libs~aioredis,20150523,0,0,0,0,0,1,0,0,0,11
364,aio-libs~aioredis,20150524,1,0,0,0,0,0,0,0,1,10
365,aio-libs~aioredis,20150525,1,0,2,0,0,0,0,0,1,10
366,aio-libs/aioredis,NullState,0,0,0,0,0,0,0,0,0,0
367,aio-libs/aioredis,NullState,0,0,0,0,0,0,0,0,0,0
368,aio-libs/aioredis,NullState,0,0,0,0,0,0,0,0,0,0
369,aio-libs/aioredis,NullState,0,0,0,0,0,0,0,0,0,0
370,aio-libs/aioredis,NullState,0,0,0,0,0,0,0,0,0,0
371,aio-libs/aioredis,NullState,0,0,0,0,0,0,0,0,0,0
372,aio-libs/aioredis,NullState,0,0,0,0,0,0,0,0,0,0
373,aio-libs~aioredis,20150602,4,0,4,0,0,0,0,0,4,10
374,aio-libs~aioredis,20150603,7,1,2,0,1,2,0,0,1,11
375,aio-libs~aioredis,20150604,0,0,1,0,0,0,0,0,0,0
376,aio-libs/aioredis,NullState,0,0,0,0,0,0,0,0,0,0
377,aio-libs/aioredis,NullState,0,0,0,0,0,0,0,0,0,0
378,aio-libs/aioredis,NullState,0,0,0,0,0,0,0,0,0,0
379,aio-libs/aioredis,NullState,0,0,0,0,0,0,0,0,0,0
380,aio-libs/aioredis,NullState,0,0,0,0,0,0,0,0,0,0
381,aio-libs/aioredis,NullState,0,0,0,0,0,0,0,0,0,0
382,aio-libs/aioredis,NullState,0,0,0,0,0,0,0,0,0,0
383,aio-libs/aioredis,NullState,0,0,0,0,0,0,0,0,0,0
384,aio-libs/aioredis,NullState,0,0,0,0,0,0,0,0,0,0
385,aio-libs/aioredis,NullState,0,0,0,0,0,0,0,0,0,0
386,aio-libs/aioredis,NullState,0,0,0,0,0,0,0,0,0,0
387,aio-libs~aioredis,20150616,4,1,0,0,1,2,1,0,1,11
388,aio-libs/aioredis,NullState,0,0,0,0,0,0,0,0,0,0
389,aio-libs/aioredis,NullState,0,0,0,0,0,0,0,0,0,0
390,aio-libs/aioredis,NullState,0,0,0,0,0,0,0,0,0,0
391,aio-libs/aioredis,NullState,0,0,0,0,0,0,0,0,0,0
392,aio-libs/aioredis,NullState,0,0,0,0,0,0,0,0,0,0
393,aio-libs/aioredis,NullState,0,0,0,0,0,0,0,0,0,0
394,aio-libs/aioredis,NullState,0,0,0,0,0,0,0,0,0,0
395,aio-libs/aioredis,NullState,0,0,0,0,0,0,0,0,0,0
396,aio-libs/aioredis,NullState,0,0,0,0,0,0,0,0,0,0
397,aio-libs/aioredis,NullState,0,0,0,0,0,0,0,0,0,0
398,aio-libs/aioredis,NullState,0,0,0,0,0,0,0,0,0,0
399,aio-libs/aioredis,NullState,0,0,0,0,0,0,0,0,0,0
400,aio-libs/aioredis,NullState,0,0,0,0,0,0,0,0,0,0
401,aio-libs/aioredis,NullState,0,0,0,0,0,0,0,0,0,0
402,aio-libs/aioredis,NullState,0,0,0,0,0,0,0,0,0,0
403,aio-libs~aioredis,20150702,0,0,0,0,1,0,0,0,0,0
404,aio-libs~aioredis,20150703,1,0,1,0,0,1,0,0,0,11
405,aio-libs/aioredis,NullState,0,0,0,0,0,0,0,0,0,0
406,aio-libs/aioredis,NullState,0,0,0,0,0,0,0,0,0,0
407,aio-libs~aioredis,20150706,3,1,1,0,2,1,1,0,0,11
408,aio-libs~aioredis,20150707,12,1,1,0,1,2,1,0,6,11
409,aio-libs/aioredis,NullState,0,0,0,0,0,0,0,0,0,0
410,aio-libs/aioredis,NullState,0,0,0,0,0,0,0,0,0,0
411,aio-libs/aioredis,NullState,0,0,0,0,0,0,0,0,0,0
412,aio-libs/aioredis,NullState,0,0,0,0,0,0,0,0,0,0
413,aio-libs/aioredis,NullState,0,0,0,0,0,0,0,0,0,0
414,aio-libs/aioredis,NullState,0,0,0,0,0,0,0,0,0,0
415,aio-libs/aioredis,NullState,0,0,0,0,0,0,0,0,0,0
416,aio-libs/aioredis,NullState,0,0,0,0,0,0,0,0,0,0
417,aio-libs/aioredis,NullState,0,0,0,0,0,0,0,0,0,0
418,aio-libs/aioredis,NullState,0,0,0,0,0,0,0,0,0,0
419,aio-libs~aioredis,20150718,0,0,1,0,0,0,0,0,0,0
420,aio-libs/aioredis,NullState,0,0,0,0,0,0,0,0,0,0
421,aio-libs~aioredis,20150720,2,0,0,0,0,0,0,0,2,10
422,aio-libs~aioredis,20150721,0,0,2,0,0,0,0,0,0,0
423,aio-libs~aioredis,20150722,1,0,0,0,0,0,0,0,1,10
424,aio-libs~aioredis,20150723,0,0,0,0,1,0,0,0,0,0
425,aio-libs/aioredis,NullState,0,0,0,0,0,0,0,0,0,0
426,aio-libs/aioredis,NullState,0,0,0,0,0,0,0,0,0,0
427,aio-libs/aioredis,NullState,0,0,0,0,0,0,0,0,0,0
428,aio-libs/aioredis,NullState,0,0,0,0,0,0,0,0,0,0
429,aio-libs~aioredis,20150728,6,2,4,0,5,4,4,0,6,4
430,aio-libs~aioredis,20150729,0,0,3,0,0,1,0,0,1,11
431,aio-libs/aioredis,NullState,0,0,0,0,0,0,0,0,0,0
432,aio-libs~aioredis,20150731,0,0,1,0,0,0,0,0,0,0
433,aio-libs/aioredis,NullState,0,0,0,0,0,0,0,0,0,0
434,aio-libs/aioredis,NullState,0,0,0,0,0,0,0,0,0,0
435,aio-libs~aioredis,20150803,3,1,1,0,2,1,2,0,1,11
436,aio-libs~aioredis,20150804,2,1,2,0,0,2,0,0,0,11
437,aio-libs~aioredis,20150805,0,0,1,0,0,0,0,0,0,0
438,aio-libs/aioredis,NullState,0,0,0,0,0,0,0,0,0,0
439,aio-libs/aioredis,NullState,0,0,0,0,0,0,0,0,0,0
440,aio-libs/aioredis,NullState,0,0,0,0,0,0,0,0,0,0
441,aio-libs/aioredis,NullState,0,0,0,0,0,0,0,0,0,0
442,aio-libs/aioredis,NullState,0,0,0,0,0,0,0,0,0,0
443,aio-libs/aioredis,NullState,0,0,0,0,0,0,0,0,0,0
444,aio-libs/aioredis,NullState,0,0,0,0,0,0,0,0,0,0
445,aio-libs/aioredis,NullState,0,0,0,0,0,0,0,0,0,0
446,aio-libs~aioredis,20150814,2,0,0,0,0,0,0,0,0,0
447,aio-libs/aioredis,NullState,0,0,0,0,0,0,0,0,0,0
448,aio-libs/aioredis,NullState,0,0,0,0,0,0,0,0,0,0
449,aio-libs~aioredis,20150817,0,0,0,0,0,1,0,0,0,11
450,aio-libs~aioredis,20150818,1,0,0,0,0,0,0,0,0,0
451,aio-libs/aioredis,NullState,0,0,0,0,0,0,0,0,0,0
452,aio-libs~aioredis,20150820,1,0,0,0,0,0,0,0,0,0
453,aio-libs/aioredis,NullState,0,0,0,0,0,0,0,0,0,0
454,aio-libs/aioredis,NullState,0,0,0,0,0,0,0,0,0,0
455,aio-libs/aioredis,NullState,0,0,0,0,0,0,0,0,0,0
456,aio-libs~aioredis,20150824,2,0,0,0,0,0,0,0,8,10
457,aio-libs~aioredis,20150825,3,0,2,0,1,1,1,0,12,11
458,aio-libs~aioredis,20150826,1,0,0,0,1,1,1,0,4,11
459,aio-libs/aioredis,NullState,0,0,0,0,0,0,0,0,0,0
460,aio-libs/aioredis,NullState,0,0,0,0,0,0,0,0,0,0
461,aio-libs/aioredis,NullState,0,0,0,0,0,0,0,0,0,0
462,aio-libs/aioredis,NullState,0,0,0,0,0,0,0,0,0,0
463,aio-libs/aioredis,NullState,0,0,0,0,0,0,0,0,0,0
464,aio-libs/aioredis,NullState,0,0,0,0,0,0,0,0,0,0
465,aio-libs/aioredis,NullState,0,0,0,0,0,0,0,0,0,0
466,aio-libs/aioredis,NullState,0,0,0,0,0,0,0,0,0,0
467,aio-libs/aioredis,NullState,0,0,0,0,0,0,0,0,0,0
468,aio-libs/aioredis,NullState,0,0,0,0,0,0,0,0,0,0
469,aio-libs/aioredis,NullState,0,0,0,0,0,0,0,0,0,0
470,aio-libs/aioredis,NullState,0,0,0,0,0,0,0,0,0,0
471,aio-libs/aioredis,NullState,0,0,0,0,0,0,0,0,0,0
472,aio-libs/aioredis,NullState,0,0,0,0,0,0,0,0,0,0
473,aio-libs/aioredis,NullState,0,0,0,0,0,0,0,0,0,0
474,aio-libs~aioredis,20150911,1,0,0,0,0,0,0,0,0,0
475,aio-libs~aioredis,20150912,2,1,1,0,1,1,1,0,1,11
476,aio-libs~aioredis,20150913,1,0,0,0,0,0,0,0,2,10
477,aio-libs/aioredis,NullState,0,0,0,0,0,0,0,0,0,0
478,aio-libs/aioredis,NullState,0,0,0,0,0,0,0,0,0,0
479,aio-libs/aioredis,NullState,0,0,0,0,0,0,0,0,0,0
480,aio-libs/aioredis,NullState,0,0,0,0,0,0,0,0,0,0
481,aio-libs/aioredis,NullState,0,0,0,0,0,0,0,0,0,0
482,aio-libs/aioredis,NullState,0,0,0,0,0,0,0,0,0,0
483,aio-libs~aioredis,20150920,1,0,2,0,1,1,1,0,2,11
484,aio-libs/aioredis,NullState,0,0,0,0,0,0,0,0,0,0
485,aio-libs/aioredis,NullState,0,0,0,0,0,0,0,0,0,0
486,aio-libs/aioredis,NullState,0,0,0,0,0,0,0,0,0,0
487,aio-libs/aioredis,NullState,0,0,0,0,0,0,0,0,0,0
488,aio-libs/aioredis,NullState,0,0,0,0,0,0,0,0,0,0
489,aio-libs/aioredis,NullState,0,0,0,0,0,0,0,0,0,0
490,aio-libs/aioredis,NullState,0,0,0,0,0,0,0,0,0,0
491,aio-libs/aioredis,NullState,0,0,0,0,0,0,0,0,0,0
492,aio-libs/aioredis,NullState,0,0,0,0,0,0,0,0,0,0
493,aio-libs/aioredis,NullState,0,0,0,0,0,0,0,0,0,0
494,aio-libs/aioredis,NullState,0,0,0,0,0,0,0,0,0,0
495,aio-libs~aioredis,20151002,1,0,0,0,0,0,0,0,0,0
496,aio-libs/aioredis,NullState,0,0,0,0,0,0,0,0,0,0
497,aio-libs/aioredis,NullState,0,0,0,0,0,0,0,0,0,0
498,aio-libs~aioredis,20151005,4,1,0,0,2,1,1,0,1,11
499,aio-libs/aioredis,NullState,0,0,0,0,0,0,0,0,0,0
500,aio-libs/aioredis,NullState,0,0,0,0,0,0,0,0,0,0
501,aio-libs/aioredis,NullState,0,0,0,0,0,0,0,0,0,0
502,aio-libs~aioredis,20151009,5,2,2,0,2,3,2,0,3,11
503,aio-libs~aioredis,20151010,1,0,1,0,1,0,1,0,1,10
504,aio-libs/aioredis,NullState,0,0,0,0,0,0,0,0,0,0
505,aio-libs~aioredis,20151012,1,1,4,0,1,1,0,0,0,11
506,aio-libs~aioredis,20151013,3,0,3,0,0,0,0,0,0,10
507,aio-libs/aioredis,NullState,0,0,0,0,0,0,0,0,0,0
508,aio-libs~aioredis,20151015,0,0,0,0,0,1,0,0,0,11
509,aio-libs/aioredis,NullState,0,0,0,0,0,0,0,0,0,0
510,aio-libs/aioredis,NullState,0,0,0,0,0,0,0,0,0,0
511,aio-libs/aioredis,NullState,0,0,0,0,0,0,0,0,0,0
512,aio-libs~aioredis,20151019,1,0,0,0,1,0,1,0,1,10
513,aio-libs~aioredis,20151020,3,1,5,0,0,1,0,0,1,11
514,aio-libs~aioredis,20151021,4,0,2,0,1,0,1,0,4,10
515,aio-libs~aioredis,20151022,2,1,0,0,0,1,0,0,1,11
516,aio-libs/aioredis,NullState,0,0,0,0,0,0,0,0,0,0
517,aio-libs/aioredis,NullState,0,0,0,0,0,0,0,0,0,0
518,aio-libs/aioredis,NullState,0,0,0,0,0,0,0,0,0,0
519,aio-libs/aioredis,NullState,0,0,0,0,0,0,0,0,0,0
520,aio-libs/aioredis,NullState,0,0,0,0,0,0,0,0,0,0
521,aio-libs~aioredis,20151028,0,0,2,0,1,0,0,0,0,10
522,aio-libs~aioredis,20151029,7,2,6,3,3,3,2,0,4,1
523,aio-libs/aioredis,NullState,0,0,0,0,0,0,0,0,0,0
524,aio-libs/aioredis,NullState,0,0,0,0,0,0,0,0,0,0
525,aio-libs~aioredis,20151101,0,0,1,0,1,0,0,0,0,0
526,aio-libs/aioredis,NullState,0,0,0,0,0,0,0,0,0,0
527,aio-libs/aioredis,NullState,0,0,0,0,0,0,0,0,0,0
528,aio-libs~aioredis,20151104,0,0,7,0,2,0,0,0,0,10
529,aio-libs~aioredis,20151105,0,0,1,0,0,1,0,0,0,11
530,aio-libs/aioredis,NullState,0,0,0,0,0,0,0,0,0,0
531,aio-libs/aioredis,NullState,0,0,0,0,0,0,0,0,0,0
532,aio-libs/aioredis,NullState,0,0,0,0,0,0,0,0,0,0
533,aio-libs~aioredis,20151109,1,0,0,0,0,0,0,0,1,10
534,aio-libs/aioredis,NullState,0,0,0,0,0,0,0,0,0,0
535,aio-libs/aioredis,NullState,0,0,0,0,0,0,0,0,0,0
536,aio-libs/aioredis,NullState,0,0,0,0,0,0,0,0,0,0
537,aio-libs~aioredis,20151113,5,1,0,0,1,2,1,0,3,11
538,aio-libs/aioredis,NullState,0,0,0,0,0,0,0,0,0,0
539,aio-libs~aioredis,20151115,0,0,1,0,0,0,0,0,0,0
540,aio-libs~aioredis,20151116,2,0,1,0,0,1,0,0,0,11
541,aio-libs/aioredis,NullState,0,0,0,0,0,0,0,0,0,0
542,aio-libs~aioredis,20151118,3,0,1,0,0,1,0,0,0,11
543,aio-libs/aioredis,NullState,0,0,0,0,0,0,0,0,0,0
544,aio-libs/aioredis,NullState,0,0,0,0,0,0,0,0,0,0
545,aio-libs/aioredis,NullState,0,0,0,0,0,0,0,0,0,0
546,aio-libs/aioredis,NullState,0,0,0,0,0,0,0,0,0,0
547,aio-libs/aioredis,NullState,0,0,0,0,0,0,0,0,0,0
548,aio-libs/aioredis,NullState,0,0,0,0,0,0,0,0,0,0
549,aio-libs~aioredis,20151125,0,0,0,0,1,0,0,0,0,0
550,aio-libs~aioredis,20151126,2,0,4,0,0,1,0,0,0,11
551,aio-libs/aioredis,NullState,0,0,0,0,0,0,0,0,0,0
552,aio-libs/aioredis,NullState,0,0,0,0,0,0,0,0,0,0
553,aio-libs~aioredis,20151129,0,0,0,0,1,0,0,0,0,0
554,aio-libs~aioredis,20151130,0,0,2,0,0,0,0,0,0,0
555,aio-libs/aioredis,NullState,0,0,0,0,0,0,0,0,0,0
556,aio-libs~aioredis,20151202,0,0,1,0,0,0,0,0,0,0
557,aio-libs~aioredis,20151203,0,0,3,0,0,0,0,0,0,10
558,aio-libs/aioredis,NullState,0,0,0,0,0,0,0,0,0,0
559,aio-libs~aioredis,20151205,0,0,1,0,0,1,0,0,0,11
560,aio-libs~aioredis,20151206,0,0,1,0,1,1,0,0,0,11
561,aio-libs/aioredis,NullState,0,0,0,0,0,0,0,0,0,0
562,aio-libs/aioredis,NullState,0,0,0,0,0,0,0,0,0,0
563,aio-libs~aioredis,20151209,0,0,1,0,0,0,0,0,0,0
564,aio-libs/aioredis,NullState,0,0,0,0,0,0,0,0,0,0
565,aio-libs/aioredis,NullState,0,0,0,0,0,0,0,0,0,0
566,aio-libs~aioredis,20151212,0,0,0,0,1,0,0,0,0,0
567,aio-libs/aioredis,NullState,0,0,0,0,0,0,0,0,0,0
568,aio-libs~aioredis,20151214,1,0,0,0,0,1,0,0,0,11
569,aio-libs/aioredis,NullState,0,0,0,0,0,0,0,0,0,0
570,aio-libs/aioredis,NullState,0,0,0,0,0,0,0,0,0,0
571,aio-libs/aioredis,NullState,0,0,0,0,0,0,0,0,0,0
572,aio-libs/aioredis,NullState,0,0,0,0,0,0,0,0,0,0
573,aio-libs/aioredis,NullState,0,0,0,0,0,0,0,0,0,0
574,aio-libs/aioredis,NullState,0,0,0,0,0,0,0,0,0,0
575,aio-libs/aioredis,NullState,0,0,0,0,0,0,0,0,0,0
576,aio-libs/aioredis,NullState,0,0,0,0,0,0,0,0,0,0
577,aio-libs/aioredis,NullState,0,0,0,0,0,0,0,0,0,0
578,aio-libs~aioredis,20151224,0,0,4,0,0,0,0,0,0,10
579,aio-libs~aioredis,20151225,0,0,1,0,0,0,0,0,0,0
580,aio-libs/aioredis,NullState,0,0,0,0,0,0,0,0,0,0
581,aio-libs/aioredis,NullState,0,0,0,0,0,0,0,0,0,0
582,aio-libs/aioredis,NullState,0,0,0,0,0,0,0,0,0,0
583,aio-libs/aioredis,NullState,0,0,0,0,0,0,0,0,0,0
584,aio-libs/aioredis,NullState,0,0,0,0,0,0,0,0,0,0
585,aio-libs/aioredis,NullState,0,0,0,0,0,0,0,0,0,0
586,aio-libs/aioredis,NullState,0,0,0,0,0,0,0,0,0,0
587,aio-libs/aioredis,NullState,0,0,0,0,0,0,0,0,0,0
588,aio-libs~aioredis,20160103,2,0,0,0,0,0,0,0,0,0
589,aio-libs/aioredis,NullState,0,0,0,0,0,0,0,0,0,0
590,aio-libs/aioredis,NullState,0,0,0,0,0,0,0,0,0,0
591,aio-libs/aioredis,NullState,0,0,0,0,0,0,0,0,0,0
592,aio-libs/aioredis,NullState,0,0,0,0,0,0,0,0,0,0
593,aio-libs/aioredis,NullState,0,0,0,0,0,0,0,0,0,0
594,aio-libs/aioredis,NullState,0,0,0,0,0,0,0,0,0,0
595,aio-libs/aioredis,NullState,0,0,0,0,0,0,0,0,0,0
596,aio-libs~aioredis,20160111,0,0,0,0,1,0,0,0,0,0
597,aio-libs~aioredis,20160112,0,0,1,0,0,0,0,0,0,0
598,aio-libs/aioredis,NullState,0,0,0,0,0,0,0,0,0,0
599,aio-libs/aioredis,NullState,0,0,0,0,0,0,0,0,0,0
600,aio-libs~aioredis,20160115,0,0,0,0,1,0,0,0,0,0
601,aio-libs/aioredis,NullState,0,0,0,0,0,0,0,0,0,0
602,aio-libs/aioredis,NullState,0,0,0,0,0,0,0,0,0,0
603,aio-libs~aioredis,20160118,0,0,1,0,0,0,0,0,0,0
604,aio-libs/aioredis,NullState,0,0,0,0,0,0,0,0,0,0
605,aio-libs/aioredis,NullState,0,0,0,0,0,0,0,0,0,0
606,aio-libs/aioredis,NullState,0,0,0,0,0,0,0,0,0,0
607,aio-libs/aioredis,NullState,0,0,0,0,0,0,0,0,0,0
608,aio-libs~aioredis,20160123,0,0,3,0,1,1,0,0,0,11
609,aio-libs~aioredis,20160124,3,1,1,0,1,1,1,0,1,11
610,aio-libs~aioredis,20160125,0,0,0,0,0,1,0,0,0,11
611,aio-libs/aioredis,NullState,0,0,0,0,0,0,0,0,0,0
612,aio-libs/aioredis,NullState,0,0,0,0,0,0,0,0,0,0
613,aio-libs/aioredis,NullState,0,0,0,0,0,0,0,0,0,0
614,aio-libs/aioredis,NullState,0,0,0,0,0,0,0,0,0,0
615,aio-libs/aioredis,NullState,0,0,0,0,0,0,0,0,0,0
616,aio-libs/aioredis,NullState,0,0,0,0,0,0,0,0,0,0
617,aio-libs/aioredis,NullState,0,0,0,0,0,0,0,0,0,0
618,aio-libs~aioredis,20160202,2,1,1,0,1,1,1,0,1,11
619,aio-libs/aioredis,NullState,0,0,0,0,0,0,0,0,0,0
620,aio-libs/aioredis,NullState,0,0,0,0,0,0,0,0,0,0
621,aio-libs/aioredis,NullState,0,0,0,0,0,0,0,0,0,0
622,aio-libs/aioredis,NullState,0,0,0,0,0,0,0,0,0,0
623,aio-libs/aioredis,NullState,0,0,0,0,0,0,0,0,0,0
624,aio-libs/aioredis,NullState,0,0,0,0,0,0,0,0,0,0
625,aio-libs~aioredis,20160209,4,0,0,0,1,0,1,0,8,10
626,aio-libs~aioredis,20160210,2,0,3,0,0,0,0,6,3,10
627,aio-libs~aioredis,20160211,0,0,2,0,0,0,0,0,0,0
628,aio-libs/aioredis,NullState,0,0,0,0,0,0,0,0,0,0
629,aio-libs/aioredis,NullState,0,0,0,0,0,0,0,0,0,0
630,aio-libs/aioredis,NullState,0,0,0,0,0,0,0,0,0,0
631,aio-libs/aioredis,NullState,0,0,0,0,0,0,0,0,0,0
632,aio-libs/aioredis,NullState,0,0,0,0,0,0,0,0,0,0
633,aio-libs/aioredis,NullState,0,0,0,0,0,0,0,0,0,0
634,aio-libs/aioredis,NullState,0,0,0,0,0,0,0,0,0,0
635,aio-libs/aioredis,NullState,0,0,0,0,0,0,0,0,0,0
636,aio-libs/aioredis,NullState,0,0,0,0,0,0,0,0,0,0
637,aio-libs/aioredis,NullState,0,0,0,0,0,0,0,0,0,0
638,aio-libs/aioredis,NullState,0,0,0,0,0,0,0,0,0,0
639,aio-libs/aioredis,NullState,0,0,0,0,0,0,0,0,0,0
640,aio-libs~aioredis,20160224,0,0,0,0,0,0,0,0,1,10
641,aio-libs/aioredis,NullState,0,0,0,0,0,0,0,0,0,0
642,aio-libs/aioredis,NullState,0,0,0,0,0,0,0,0,0,0
643,aio-libs/aioredis,NullState,0,0,0,0,0,0,0,0,0,0
644,aio-libs~aioredis,20160228,2,0,2,0,2,0,1,0,2,10
645,aio-libs~aioredis,20160229,4,0,0,0,0,0,0,0,4,10
646,aio-libs~aioredis,20160301,2,1,4,0,0,1,0,0,1,11
647,aio-libs~aioredis,20160302,5,0,1,0,0,0,0,0,0,0
648,aio-libs~aioredis,20160303,1,0,0,0,0,0,0,0,0,0
649,aio-libs~aioredis,20160304,4,1,3,0,2,1,1,0,3,11
650,aio-libs~aioredis,20160305,0,0,2,0,0,0,0,0,0,0
651,aio-libs/aioredis,NullState,0,0,0,0,0,0,0,0,0,0
652,aio-libs~aioredis,20160307,0,0,2,0,0,0,0,0,1,10
653,aio-libs~aioredis,20160308,0,0,0,0,0,0,0,0,2,10
654,aio-libs~aioredis,20160309,0,0,4,0,1,0,0,0,0,10
655,aio-libs~aioredis,20160310,6,2,7,0,3,4,2,0,7,4
656,aio-libs~aioredis,20160311,2,0,1,0,0,0,0,0,0,0
657,aio-libs/aioredis,NullState,0,0,0,0,0,0,0,0,0,0
658,aio-libs/aioredis,NullState,0,0,0,0,0,0,0,0,0,0
659,aio-libs~aioredis,20160314,0,0,1,0,0,0,0,0,4,10
660,aio-libs~aioredis,20160315,0,0,0,0,0,0,0,0,2,10
661,aio-libs/aioredis,NullState,0,0,0,0,0,0,0,0,0,0
662,aio-libs/aioredis,NullState,0,0,0,0,0,0,0,0,0,0
663,aio-libs~aioredis,20160318,0,0,0,0,0,0,0,0,2,10
664,aio-libs/aioredis,NullState,0,0,0,0,0,0,0,0,0,0
665,aio-libs/aioredis,NullState,0,0,0,0,0,0,0,0,0,0
666,aio-libs~aioredis,20160321,0,0,0,0,0,0,0,0,2,10
667,aio-libs/aioredis,NullState,0,0,0,0,0,0,0,0,0,0
668,aio-libs~aioredis,20160323,0,0,0,0,0,0,0,0,2,10
669,aio-libs~aioredis,20160324,2,0,5,0,1,0,1,0,3,10
670,aio-libs~aioredis,20160325,1,0,0,0,0,0,0,1,0,10
671,aio-libs/aioredis,NullState,0,0,0,0,0,0,0,0,0,0
672,aio-libs/aioredis,NullState,0,0,0,0,0,0,0,0,0,0
673,aio-libs~aioredis,20160328,8,2,4,0,1,2,1,0,2,11
674,aio-libs~aioredis,20160329,0,0,1,0,0,1,0,0,0,11
675,aio-libs~aioredis,20160330,4,0,0,0,0,0,0,0,0,0
676,aio-libs/aioredis,NullState,0,0,0,0,0,0,0,0,0,0
677,aio-libs/aioredis,NullState,0,0,0,0,0,0,0,0,0,0
678,aio-libs/aioredis,NullState,0,0,0,0,0,0,0,0,0,0
679,aio-libs/aioredis,NullState,0,0,0,0,0,0,0,0,0,0
680,aio-libs~aioredis,20160404,0,0,0,0,0,0,0,0,8,10
681,aio-libs~aioredis,20160405,4,1,6,0,2,2,2,0,8,11
682,aio-libs~aioredis,20160406,0,0,4,0,1,0,0,0,4,10
683,aio-libs/aioredis,NullState,0,0,0,0,0,0,0,0,0,0
684,aio-libs/aioredis,NullState,0,0,0,0,0,0,0,0,0,0
685,aio-libs/aioredis,NullState,0,0,0,0,0,0,0,0,0,0
686,aio-libs/aioredis,NullState,0,0,0,0,0,0,0,0,0,0
687,aio-libs~aioredis,20160411,0,0,0,0,1,0,0,0,0,0
688,aio-libs~aioredis,20160412,0,0,1,0,0,0,0,0,1,10
689,aio-libs~aioredis,20160413,0,0,6,0,0,0,0,0,7,10
690,aio-libs~aioredis,20160414,0,0,5,0,0,0,0,0,4,10
691,aio-libs/aioredis,NullState,0,0,0,0,0,0,0,0,0,0
692,aio-libs/aioredis,NullState,0,0,0,0,0,0,0,0,0,0
693,aio-libs/aioredis,NullState,0,0,0,0,0,0,0,0,0,0
694,aio-libs/aioredis,NullState,0,0,0,0,0,0,0,0,0,0
695,aio-libs/aioredis,NullState,0,0,0,0,0,0,0,0,0,0
696,aio-libs/aioredis,NullState,0,0,0,0,0,0,0,0,0,0
697,aio-libs/aioredis,NullState,0,0,0,0,0,0,0,0,0,0
698,aio-libs/aioredis,NullState,0,0,0,0,0,0,0,0,0,0
699,aio-libs/aioredis,NullState,0,0,0,0,0,0,0,0,0,0
700,aio-libs/aioredis,NullState,0,0,0,0,0,0,0,0,0,0
701,aio-libs/aioredis,NullState,0,0,0,0,0,0,0,0,0,0
702,aio-libs/aioredis,NullState,0,0,0,0,0,0,0,0,0,0
703,aio-libs/aioredis,NullState,0,0,0,0,0,0,0,0,0,0
704,aio-libs/aioredis,NullState,0,0,0,0,0,0,0,0,0,0
705,aio-libs/aioredis,NullState,0,0,0,0,0,0,0,0,0,0
706,aio-libs/aioredis,NullState,0,0,0,0,0,0,0,0,0,0
707,aio-libs/aioredis,NullState,0,0,0,0,0,0,0,0,0,0
708,aio-libs~aioredis,20160502,0,0,1,0,0,0,0,0,1,10
709,aio-libs~aioredis,20160503,0,0,4,0,1,1,0,0,1,11
710,aio-libs/aioredis,NullState,0,0,0,0,0,0,0,0,0,0
711,aio-libs/aioredis,NullState,0,0,0,0,0,0,0,0,0,0
712,aio-libs/aioredis,NullState,0,0,0,0,0,0,0,0,0,0
713,aio-libs/aioredis,NullState,0,0,0,0,0,0,0,0,0,0
714,aio-libs/aioredis,NullState,0,0,0,0,0,0,0,0,0,0
715,aio-libs/aioredis,NullState,0,0,0,0,0,0,0,0,0,0
716,aio-libs/aioredis,NullState,0,0,0,0,0,0,0,0,0,0
717,aio-libs/aioredis,NullState,0,0,0,0,0,0,0,0,0,0
718,aio-libs/aioredis,NullState,0,0,0,0,0,0,0,0,0,0
719,aio-libs~aioredis,20160513,0,0,3,0,3,1,1,0,1,11
720,aio-libs/aioredis,NullState,0,0,0,0,0,0,0,0,0,0
721,aio-libs/aioredis,NullState,0,0,0,0,0,0,0,0,0,0
722,aio-libs~aioredis,20160516,0,0,1,0,0,0,0,0,0,0
723,aio-libs/aioredis,NullState,0,0,0,0,0,0,0,0,0,0
724,aio-libs~aioredis,20160518,1,0,0,0,0,0,0,0,1,10
725,aio-libs/aioredis,NullState,0,0,0,0,0,0,0,0,0,0
726,aio-libs~aioredis,20160520,2,0,0,0,0,0,0,0,0,0
727,aio-libs/aioredis,NullState,0,0,0,0,0,0,0,0,0,0
728,aio-libs/aioredis,NullState,0,0,0,0,0,0,0,0,0,0
729,aio-libs~aioredis,20160523,4,0,1,0,0,0,0,0,0,0
730,aio-libs~aioredis,20160524,1,0,0,0,0,0,0,0,1,10
731,aio-libs~aioredis,20160525,0,0,7,0,1,0,1,0,5,10
732,aio-libs~aioredis,20160526,3,1,4,0,0,1,0,4,2,5
733,aio-libs~aioredis,20160527,3,0,0,0,0,0,0,0,0,0
734,aio-libs/aioredis,NullState,0,0,0,0,0,0,0,0,0,0
735,aio-libs~aioredis,20160529,5,0,1,0,0,0,0,0,0,0
736,aio-libs~aioredis,20160530,1,0,1,0,1,0,0,9,0,10
737,aio-libs~aioredis,20160531,0,0,2,0,0,0,0,0,0,0
738,aio-libs/aioredis,NullState,0,0,0,0,0,0,0,0,0,0
739,aio-libs~aioredis,20160602,1,0,1,0,0,2,0,0,1,11
740,aio-libs~aioredis,20160603,10,1,1,0,1,1,1,0,6,11
741,aio-libs/aioredis,NullState,0,0,0,0,0,0,0,0,0,0
742,aio-libs/aioredis,NullState,0,0,0,0,0,0,0,0,0,0
743,aio-libs~aioredis,20160606,8,0,0,0,1,0,1,0,3,10
744,aio-libs~aioredis,20160607,0,0,0,0,0,0,0,2,0,10
745,aio-libs/aioredis,NullState,0,0,0,0,0,0,0,0,0,0
746,aio-libs~aioredis,20160609,1,0,0,0,0,0,0,0,1,10
747,aio-libs/aioredis,NullState,0,0,0,0,0,0,0,0,0,0
748,aio-libs/aioredis,NullState,0,0,0,0,0,0,0,0,0,0
749,aio-libs~aioredis,20160612,1,0,0,0,0,0,0,0,1,10
750,aio-libs/aioredis,NullState,0,0,0,0,0,0,0,0,0,0
751,aio-libs/aioredis,NullState,0,0,0,0,0,0,0,0,0,0
752,aio-libs/aioredis,NullState,0,0,0,0,0,0,0,0,0,0
753,aio-libs/aioredis,NullState,0,0,0,0,0,0,0,0,0,0
754,aio-libs~aioredis,20160617,2,0,0,0,0,0,0,0,2,10
755,aio-libs~aioredis,20160618,0,0,2,0,1,0,1,0,3,10
756,aio-libs~aioredis,20160619,0,0,1,0,0,0,0,0,1,10
757,aio-libs/aioredis,NullState,0,0,0,0,0,0,0,0,0,0
758,aio-libs~aioredis,20160621,1,0,9,0,0,0,0,0,6,10
759,aio-libs~aioredis,20160622,3,0,12,0,0,0,0,5,9,10
760,aio-libs~aioredis,20160623,3,1,9,0,0,1,0,0,0,11
761,aio-libs~aioredis,20160624,1,0,3,0,0,1,0,0,0,11
762,aio-libs/aioredis,NullState,0,0,0,0,0,0,0,0,0,0
763,aio-libs/aioredis,NullState,0,0,0,0,0,0,0,0,0,0
764,aio-libs/aioredis,NullState,0,0,0,0,0,0,0,0,0,0
765,aio-libs/aioredis,NullState,0,0,0,0,0,0,0,0,0,0
766,aio-libs/aioredis,NullState,0,0,0,0,0,0,0,0,0,0
767,aio-libs/aioredis,NullState,0,0,0,0,0,0,0,0,0,0
768,aio-libs/aioredis,NullState,0,0,0,0,0,0,0,0,0,0
769,aio-libs/aioredis,NullState,0,0,0,0,0,0,0,0,0,0
770,aio-libs/aioredis,NullState,0,0,0,0,0,0,0,0,0,0
771,aio-libs~aioredis,20160704,0,0,4,0,1,0,1,0,1,10
772,aio-libs~aioredis,20160705,4,1,2,0,1,2,1,0,3,11
773,aio-libs/aioredis,NullState,0,0,0,0,0,0,0,0,0,0
774,aio-libs/aioredis,NullState,0,0,0,0,0,0,0,0,0,0
775,aio-libs/aioredis,NullState,0,0,0,0,0,0,0,0,0,0
776,aio-libs/aioredis,NullState,0,0,0,0,0,0,0,0,0,0
777,aio-libs/aioredis,NullState,0,0,0,0,0,0,0,0,0,0
778,aio-libs/aioredis,NullState,0,0,0,0,0,0,0,0,0,0
779,aio-libs/aioredis,NullState,0,0,0,0,0,0,0,0,0,0
780,aio-libs~aioredis,20160713,1,0,0,0,0,0,0,0,0,0
781,aio-libs/aioredis,NullState,0,0,0,0,0,0,0,0,0,0
782,aio-libs~aioredis,20160715,1,0,0,0,0,0,0,0,1,10
783,aio-libs/aioredis,NullState,0,0,0,0,0,0,0,0,0,0
784,aio-libs/aioredis,NullState,0,0,0,0,0,0,0,0,0,0
785,aio-libs/aioredis,NullState,0,0,0,0,0,0,0,0,0,0
786,aio-libs/aioredis,NullState,0,0,0,0,0,0,0,0,0,0
787,aio-libs/aioredis,NullState,0,0,0,0,0,0,0,0,0,0
788,aio-libs~aioredis,20160721,0,0,0,0,1,0,0,0,0,0
789,aio-libs~aioredis,20160722,3,0,2,0,0,1,0,0,0,11
790,aio-libs/aioredis,NullState,0,0,0,0,0,0,0,0,0,0
791,aio-libs/aioredis,NullState,0,0,0,0,0,0,0,0,0,0
792,aio-libs/aioredis,NullState,0,0,0,0,0,0,0,0,0,0
793,aio-libs/aioredis,NullState,0,0,0,0,0,0,0,0,0,0
794,aio-libs/aioredis,NullState,0,0,0,0,0,0,0,0,0,0
795,aio-libs/aioredis,NullState,0,0,0,0,0,0,0,0,0,0
796,aio-libs~aioredis,20160729,3,0,0,0,0,0,0,0,3,10
797,aio-libs~aioredis,20160730,1,0,0,0,1,0,0,0,1,10
798,aio-libs~aioredis,20160731,0,0,2,0,0,0,0,0,0,0
799,aio-libs~aioredis,20160801,1,0,2,0,0,0,0,0,1,10
800,aio-libs/aioredis,NullState,0,0,0,0,0,0,0,0,0,0
801,aio-libs~aioredis,20160803,0,0,2,0,0,0,0,0,0,0
802,aio-libs/aioredis,NullState,0,0,0,0,0,0,0,0,0,0
803,aio-libs/aioredis,NullState,0,0,0,0,0,0,0,0,0,0
804,aio-libs/aioredis,NullState,0,0,0,0,0,0,0,0,0,0
805,aio-libs/aioredis,NullState,0,0,0,0,0,0,0,0,0,0
806,aio-libs/aioredis,NullState,0,0,0,0,0,0,0,0,0,0
807,aio-libs/aioredis,NullState,0,0,0,0,0,0,0,0,0,0
808,aio-libs~aioredis,20160810,0,0,0,0,1,0,0,0,0,0
809,aio-libs~aioredis,20160811,0,0,1,0,0,0,0,0,0,0
810,aio-libs/aioredis,NullState,0,0,0,0,0,0,0,0,0,0
811,aio-libs/aioredis,NullState,0,0,0,0,0,0,0,0,0,0
812,aio-libs~aioredis,20160814,1,0,0,0,1,0,1,0,1,10
813,aio-libs~aioredis,20160815,0,0,2,0,0,0,0,0,0,0
814,aio-libs~aioredis,20160816,0,0,1,0,0,0,0,0,0,0
815,aio-libs~aioredis,20160817,0,0,1,0,0,0,0,0,0,0
816,aio-libs~aioredis,20160818,0,0,1,0,0,0,0,0,0,0
817,aio-libs~aioredis,20160819,3,0,7,0,0,0,0,1,3,10
818,aio-libs~aioredis,20160820,0,0,0,0,1,0,0,0,0,0
819,aio-libs/aioredis,NullState,0,0,0,0,0,0,0,0,0,0
820,aio-libs~aioredis,20160822,5,1,3,0,0,2,0,0,0,11
821,aio-libs/aioredis,NullState,0,0,0,0,0,0,0,0,0,0
822,aio-libs/aioredis,NullState,0,0,0,0,0,0,0,0,0,0
823,aio-libs~aioredis,20160825,4,0,0,0,0,0,0,0,0,0
824,aio-libs~aioredis,20160826,1,0,0,0,0,0,0,0,0,0
825,aio-libs/aioredis,NullState,0,0,0,0,0,0,0,0,0,0
826,aio-libs/aioredis,NullState,0,0,0,0,0,0,0,0,0,0
827,aio-libs/aioredis,NullState,0,0,0,0,0,0,0,0,0,0
828,aio-libs/aioredis,NullState,0,0,0,0,0,0,0,0,0,0
829,aio-libs/aioredis,NullState,0,0,0,0,0,0,0,0,0,0
830,aio-libs/aioredis,NullState,0,0,0,0,0,0,0,0,0,0
831,aio-libs~aioredis,20160902,1,0,0,0,0,0,0,0,0,0
832,aio-libs/aioredis,NullState,0,0,0,0,0,0,0,0,0,0
833,aio-libs/aioredis,NullState,0,0,0,0,0,0,0,0,0,0
834,aio-libs/aioredis,NullState,0,0,0,0,0,0,0,0,0,0
835,aio-libs~aioredis,20160906,2,1,2,0,1,1,1,0,1,11
836,aio-libs/aioredis,NullState,0,0,0,0,0,0,0,0,0,0
837,aio-libs/aioredis,NullState,0,0,0,0,0,0,0,0,0,0
838,aio-libs/aioredis,NullState,0,0,0,0,0,0,0,0,0,0
839,aio-libs/aioredis,NullState,0,0,0,0,0,0,0,0,0,0
840,aio-libs/aioredis,NullState,0,0,0,0,0,0,0,0,0,0
841,aio-libs/aioredis,NullState,0,0,0,0,0,0,0,0,0,0
842,aio-libs~aioredis,20160913,0,0,1,0,1,0,0,0,0,0
843,aio-libs~aioredis,20160914,0,0,2,0,0,0,0,0,0,0
844,aio-libs/aioredis,NullState,0,0,0,0,0,0,0,0,0,0
845,aio-libs/aioredis,NullState,0,0,0,0,0,0,0,0,0,0
846,aio-libs/aioredis,NullState,0,0,0,0,0,0,0,0,0,0
847,aio-libs/aioredis,NullState,0,0,0,0,0,0,0,0,0,0
848,aio-libs~aioredis,20160919,0,0,1,0,0,0,0,0,0,0
849,aio-libs/aioredis,NullState,0,0,0,0,0,0,0,0,0,0
850,aio-libs/aioredis,NullState,0,0,0,0,0,0,0,0,0,0
851,aio-libs/aioredis,NullState,0,0,0,0,0,0,0,0,0,0
852,aio-libs/aioredis,NullState,0,0,0,0,0,0,0,0,0,0
853,aio-libs~aioredis,20160924,1,0,1,0,1,0,1,0,1,10
854,aio-libs~aioredis,20160925,1,1,2,0,1,1,1,0,3,11
855,aio-libs/aioredis,NullState,0,0,0,0,0,0,0,0,0,0
856,aio-libs~aioredis,20160927,10,6,15,0,11,11,10,4,11,2
857,aio-libs~aioredis,20160928,1,0,0,0,0,0,0,0,0,0
858,aio-libs~aioredis,20160929,0,0,0,0,1,0,1,0,1,10
859,aio-libs~aioredis,20160930,1,1,5,0,1,2,0,0,0,11
860,aio-libs~aioredis,20161001,0,0,1,0,0,0,0,0,0,0
861,aio-libs/aioredis,NullState,0,0,0,0,0,0,0,0,0,0
862,aio-libs~aioredis,20161003,0,0,2,0,0,0,0,0,0,0
863,aio-libs~aioredis,20161004,0,0,2,0,0,0,0,0,0,0
864,aio-libs~aioredis,20161005,0,0,3,0,0,2,0,0,0,11
865,aio-libs/aioredis,NullState,0,0,0,0,0,0,0,0,0,0
866,aio-libs/aioredis,NullState,0,0,0,0,0,0,0,0,0,0
867,aio-libs/aioredis,NullState,0,0,0,0,0,0,0,0,0,0
868,aio-libs/aioredis,NullState,0,0,0,0,0,0,0,0,0,0
869,aio-libs~aioredis,20161010,0,0,1,0,1,0,1,0,1,10
870,aio-libs/aioredis,NullState,0,0,0,0,0,0,0,0,0,0
871,aio-libs/aioredis,NullState,0,0,0,0,0,0,0,0,0,0
872,aio-libs~aioredis,20161013,1,1,0,0,0,1,0,0,0,11
873,aio-libs/aioredis,NullState,0,0,0,0,0,0,0,0,0,0
874,aio-libs/aioredis,NullState,0,0,0,0,0,0,0,0,0,0
875,aio-libs/aioredis,NullState,0,0,0,0,0,0,0,0,0,0
876,aio-libs/aioredis,NullState,0,0,0,0,0,0,0,0,0,0
877,aio-libs~aioredis,20161018,3,1,2,0,2,2,1,0,2,11
878,aio-libs/aioredis,NullState,0,0,0,0,0,0,0,0,0,0
879,aio-libs/aioredis,NullState,0,0,0,0,0,0,0,0,0,0
880,aio-libs~aioredis,20161021,0,0,1,0,1,1,0,0,0,11
881,aio-libs/aioredis,NullState,0,0,0,0,0,0,0,0,0,0
882,aio-libs/aioredis,NullState,0,0,0,0,0,0,0,0,0,0
883,aio-libs~aioredis,20161024,4,0,1,0,0,1,0,0,0,11
884,aio-libs/aioredis,NullState,0,0,0,0,0,0,0,0,0,0
885,aio-libs/aioredis,NullState,0,0,0,0,0,0,0,0,0,0
886,aio-libs/aioredis,NullState,0,0,0,0,0,0,0,0,0,0
887,aio-libs/aioredis,NullState,0,0,0,0,0,0,0,0,0,0
888,aio-libs~aioredis,20161029,0,0,1,0,0,0,0,0,0,0
889,aio-libs/aioredis,NullState,0,0,0,0,0,0,0,0,0,0
890,aio-libs/aioredis,NullState,0,0,0,0,0,0,0,0,0,0
891,aio-libs~aioredis,20161101,0,0,2,0,0,0,0,0,0,0
892,aio-libs~aioredis,20161102,1,0,0,0,0,0,0,0,1,10
893,aio-libs~aioredis,20161103,0,0,6,0,2,0,0,0,0,10
894,aio-libs~aioredis,20161104,0,0,7,0,0,0,0,0,0,10
895,aio-libs~aioredis,20161105,0,0,2,0,1,0,0,0,0,10
896,aio-libs~aioredis,20161106,0,0,4,0,0,0,0,0,0,10
897,aio-libs~aioredis,20161107,2,0,3,0,0,1,0,0,0,11
898,aio-libs/aioredis,NullState,0,0,0,0,0,0,0,0,0,0
899,aio-libs/aioredis,NullState,0,0,0,0,0,0,0,0,0,0
900,aio-libs/aioredis,NullState,0,0,0,0,0,0,0,0,0,0
901,aio-libs~aioredis,20161111,0,0,0,0,1,0,1,0,1,10
902,aio-libs~aioredis,20161112,1,1,1,0,1,2,1,0,1,11
903,aio-libs/aioredis,NullState,0,0,0,0,0,0,0,0,0,0
904,aio-libs~aioredis,20161114,1,0,4,0,4,2,3,0,4,11
905,aio-libs~aioredis,20161115,1,1,1,0,0,1,0,0,0,11
906,aio-libs~aioredis,20161116,1,0,0,0,0,0,0,0,1,10
907,aio-libs/aioredis,NullState,0,0,0,0,0,0,0,0,0,0
908,aio-libs/aioredis,NullState,0,0,0,0,0,0,0,0,0,0
909,aio-libs/aioredis,NullState,0,0,0,0,0,0,0,0,0,0
910,aio-libs/aioredis,NullState,0,0,0,0,0,0,0,0,0,0
911,aio-libs~aioredis,20161121,1,0,1,0,2,0,2,0,2,10
912,aio-libs~aioredis,20161122,1,1,0,0,0,1,0,0,0,11
913,aio-libs~aioredis,20161123,1,0,1,0,1,0,1,0,1,10
914,aio-libs/aioredis,NullState,0,0,0,0,0,0,0,0,0,0
915,aio-libs/aioredis,NullState,0,0,0,0,0,0,0,0,0,0
916,aio-libs~aioredis,20161126,1,1,0,0,0,1,0,0,0,11
917,aio-libs/aioredis,NullState,0,0,0,0,0,0,0,0,0,0
918,aio-libs~aioredis,20161128,4,0,0,0,0,0,0,0,1,10
919,aio-libs/aioredis,NullState,0,0,0,0,0,0,0,0,0,0
920,aio-libs~aioredis,20161130,1,1,3,0,1,3,0,0,0,11
921,aio-libs~aioredis,20161201,0,0,0,0,1,0,1,0,1,10
922,aio-libs~aioredis,20161202,4,1,5,0,1,2,1,0,3,11
923,aio-libs/aioredis,NullState,0,0,0,0,0,0,0,0,0,0
924,aio-libs~aioredis,20161204,1,1,1,0,1,1,1,0,1,11
925,aio-libs~aioredis,20161205,1,1,0,0,1,1,1,0,1,11
926,aio-libs~aioredis,20161206,3,0,0,0,0,0,0,0,0,0
927,aio-libs/aioredis,NullState,0,0,0,0,0,0,0,0,0,0
928,aio-libs/aioredis,NullState,0,0,0,0,0,0,0,0,0,0
929,aio-libs/aioredis,NullState,0,0,0,0,0,0,0,0,0,0
930,aio-libs/aioredis,NullState,0,0,0,0,0,0,0,0,0,0
931,aio-libs/aioredis,NullState,0,0,0,0,0,0,0,0,0,0
932,aio-libs/aioredis,NullState,0,0,0,0,0,0,0,0,0,0
933,aio-libs/aioredis,NullState,0,0,0,0,0,0,0,0,0,0
934,aio-libs/aioredis,NullState,0,0,0,0,0,0,0,0,0,0
935,aio-libs/aioredis,NullState,0,0,0,0,0,0,0,0,0,0
936,aio-libs~aioredis,20161216,3,0,0,0,0,0,0,0,3,10
937,aio-libs/aioredis,NullState,0,0,0,0,0,0,0,0,0,0
938,aio-libs/aioredis,NullState,0,0,0,0,0,0,0,0,0,0
939,aio-libs/aioredis,NullState,0,0,0,0,0,0,0,0,0,0
940,aio-libs~aioredis,20161220,4,0,0,0,0,0,0,0,0,0
941,aio-libs/aioredis,NullState,0,0,0,0,0,0,0,0,0,0
942,aio-libs/aioredis,NullState,0,0,0,0,0,0,0,0,0,0
943,aio-libs~aioredis,20161223,1,0,0,0,0,0,0,0,1,10
944,aio-libs/aioredis,NullState,0,0,0,0,0,0,0,0,0,0
945,aio-libs/aioredis,NullState,0,0,0,0,0,0,0,0,0,0
946,aio-libs/aioredis,NullState,0,0,0,0,0,0,0,0,0,0
947,aio-libs~aioredis,20161227,2,0,0,0,0,0,0,0,2,10
948,aio-libs~aioredis,20161228,8,1,1,0,1,1,1,0,7,11
949,aio-libs~aioredis,20161229,3,0,0,0,0,0,0,0,1,10
950,aio-libs/aioredis,NullState,0,0,0,0,0,0,0,0,0,0
951,aio-libs/aioredis,NullState,0,0,0,0,0,0,0,0,0,0
952,aio-libs/aioredis,NullState,0,0,0,0,0,0,0,0,0,0
953,aio-libs/aioredis,NullState,0,0,0,0,0,0,0,0,0,0
954,aio-libs~aioredis,20170103,0,0,1,0,1,0,1,0,3,10
955,aio-libs~aioredis,20170104,0,0,1,0,0,0,0,12,3,10
956,aio-libs~aioredis,20170105,1,1,3,0,0,1,0,8,2,5
957,aio-libs~aioredis,20170106,5,1,4,0,2,1,1,0,4,11
958,aio-libs/aioredis,NullState,0,0,0,0,0,0,0,0,0,0
959,aio-libs~aioredis,20170108,1,0,0,0,0,0,0,0,1,10
960,aio-libs/aioredis,NullState,0,0,0,0,0,0,0,0,0,0
961,aio-libs~aioredis,20170110,9,1,1,0,1,1,1,0,7,11
962,aio-libs~aioredis,20170111,10,0,2,0,0,0,0,0,2,10
963,aio-libs~aioredis,20170112,2,0,0,0,0,0,0,0,2,10
964,aio-libs~aioredis,20170113,5,1,3,0,2,3,1,0,1,11
965,aio-libs/aioredis,NullState,0,0,0,0,0,0,0,0,0,0
966,aio-libs/aioredis,NullState,0,0,0,0,0,0,0,0,0,0
967,aio-libs~aioredis,20170116,9,0,0,0,0,0,0,0,9,10
968,aio-libs~aioredis,20170117,6,1,3,0,3,4,0,0,0,11
969,aio-libs~aioredis,20170118,4,1,1,0,2,1,1,0,2,11
970,aio-libs~aioredis,20170119,1,0,0,0,1,0,1,0,1,10
971,aio-libs/aioredis,NullState,0,0,0,0,0,0,0,0,0,0
972,aio-libs/aioredis,NullState,0,0,0,0,0,0,0,0,0,0
973,aio-libs~aioredis,20170122,1,0,0,0,1,0,1,0,1,10
974,aio-libs~aioredis,20170123,2,2,1,0,0,2,0,0,0,11
975,aio-libs~aioredis,20170124,1,0,0,0,1,0,0,0,0,0
976,aio-libs~aioredis,20170125,0,0,1,0,0,0,0,0,0,0
977,aio-libs~aioredis,20170126,2,0,7,0,2,0,2,0,2,10
978,aio-libs~aioredis,20170127,1,1,1,0,0,1,0,0,0,11
979,aio-libs/aioredis,NullState,0,0,0,0,0,0,0,0,0,0
980,aio-libs/aioredis,NullState,0,0,0,0,0,0,0,0,0,0
981,aio-libs~aioredis,20170130,2,1,2,0,1,1,0,0,1,11
982,aio-libs~aioredis,20170131,0,0,3,0,1,0,0,0,0,10
983,aio-libs~aioredis,20170201,0,0,1,0,0,0,0,0,0,0
984,aio-libs~aioredis,20170202,0,0,1,0,1,0,0,0,0,0
985,aio-libs~aioredis,20170203,0,0,1,0,0,0,0,0,0,0
986,aio-libs/aioredis,NullState,0,0,0,0,0,0,0,0,0,0
987,aio-libs/aioredis,NullState,0,0,0,0,0,0,0,0,0,0
988,aio-libs/aioredis,NullState,0,0,0,0,0,0,0,0,0,0
989,aio-libs~aioredis,20170207,1,0,1,0,1,0,1,0,1,10
990,aio-libs~aioredis,20170208,0,0,2,0,0,0,0,0,0,0
991,aio-libs/aioredis,NullState,0,0,0,0,0,0,0,0,0,0
992,aio-libs/aioredis,NullState,0,0,0,0,0,0,0,0,0,0
993,aio-libs/aioredis,NullState,0,0,0,0,0,0,0,0,0,0
994,aio-libs/aioredis,NullState,0,0,0,0,0,0,0,0,0,0
995,aio-libs~aioredis,20170213,0,0,1,0,0,0,0,0,0,0
996,aio-libs/aioredis,NullState,0,0,0,0,0,0,0,0,0,0
997,aio-libs/aioredis,NullState,0,0,0,0,0,0,0,0,0,0
998,aio-libs/aioredis,NullState,0,0,0,0,0,0,0,0,0,0
999,aio-libs~aioredis,20170217,1,1,0,0,0,1,0,0,0,11
1000,aio-libs/aioredis,NullState,0,0,0,0,0,0,0,0,0,0
1001,aio-libs~aioredis,20170219,0,0,0,0,2,0,1,0,2,10
1002,aio-libs~aioredis,20170220,0,0,3,0,1,0,0,0,0,10
1003,aio-libs/aioredis,NullState,0,0,0,0,0,0,0,0,0,0
1004,aio-libs/aioredis,NullState,0,0,0,0,0,0,0,0,0,0
1005,aio-libs~aioredis,20170223,0,0,1,0,0,1,0,0,0,11
1006,aio-libs/aioredis,NullState,0,0,0,0,0,0,0,0,0,0
1007,aio-libs/aioredis,NullState,0,0,0,0,0,0,0,0,0,0
1008,aio-libs/aioredis,NullState,0,0,0,0,0,0,0,0,0,0
1009,aio-libs/aioredis,NullState,0,0,0,0,0,0,0,0,0,0
1010,aio-libs/aioredis,NullState,0,0,0,0,0,0,0,0,0,0
1011,aio-libs/aioredis,NullState,0,0,0,0,0,0,0,0,0,0
1012,aio-libs~aioredis,20170302,0,0,0,0,1,0,0,0,0,0
1013,aio-libs~aioredis,20170303,4,1,4,0,1,2,1,0,3,11
1014,aio-libs/aioredis,NullState,0,0,0,0,0,0,0,0,0,0
1015,aio-libs/aioredis,NullState,0,0,0,0,0,0,0,0,0,0
1016,aio-libs~aioredis,20170306,1,0,0,0,0,0,0,0,0,0
1017,aio-libs/aioredis,NullState,0,0,0,0,0,0,0,0,0,0
1018,aio-libs/aioredis,NullState,0,0,0,0,0,0,0,0,0,0
1019,aio-libs/aioredis,NullState,0,0,0,0,0,0,0,0,0,0
1020,aio-libs~aioredis,20170310,0,0,2,0,0,0,0,0,0,0
1021,aio-libs/aioredis,NullState,0,0,0,0,0,0,0,0,0,0
1022,aio-libs/aioredis,NullState,0,0,0,0,0,0,0,0,0,0
1023,aio-libs/aioredis,NullState,0,0,0,0,0,0,0,0,0,0
1024,aio-libs~aioredis,20170314,1,0,0,0,1,0,1,0,1,10
1025,aio-libs~aioredis,20170315,0,0,2,0,0,0,0,0,0,0
1026,aio-libs/aioredis,NullState,0,0,0,0,0,0,0,0,0,0
1027,aio-libs/aioredis,NullState,0,0,0,0,0,0,0,0,0,0
1028,aio-libs/aioredis,NullState,0,0,0,0,0,0,0,0,0,0
1029,aio-libs/aioredis,NullState,0,0,0,0,0,0,0,0,0,0
1030,aio-libs/aioredis,NullState,0,0,0,0,0,0,0,0,0,0
1031,aio-libs/aioredis,NullState,0,0,0,0,0,0,0,0,0,0
1032,aio-libs/aioredis,NullState,0,0,0,0,0,0,0,0,0,0
1033,aio-libs~aioredis,20170323,0,0,1,0,0,0,0,0,0,0
1034,aio-libs/aioredis,NullState,0,0,0,0,0,0,0,0,0,0
1035,aio-libs/aioredis,NullState,0,0,0,0,0,0,0,0,0,0
1036,aio-libs~aioredis,20170326,0,0,1,0,1,0,0,0,0,0
1037,aio-libs~aioredis,20170327,2,1,1,0,0,2,0,0,0,11
1038,aio-libs/aioredis,NullState,0,0,0,0,0,0,0,0,0,0
1039,aio-libs/aioredis,NullState,0,0,0,0,0,0,0,0,0,0
1040,aio-libs~aioredis,20170330,0,0,2,0,0,0,0,0,0,0
1041,aio-libs/aioredis,NullState,0,0,0,0,0,0,0,0,0,0
1042,aio-libs/aioredis,NullState,0,0,0,0,0,0,0,0,0,0
1043,aio-libs/aioredis,NullState,0,0,0,0,0,0,0,0,0,0
1044,aio-libs~aioredis,20170403,1,0,0,0,0,0,0,0,0,0
1045,aio-libs/aioredis,NullState,0,0,0,0,0,0,0,0,0,0
1046,aio-libs/aioredis,NullState,0,0,0,0,0,0,0,0,0,0
1047,aio-libs/aioredis,NullState,0,0,0,0,0,0,0,0,0,0
1048,aio-libs/aioredis,NullState,0,0,0,0,0,0,0,0,0,0
1049,aio-libs~aioredis,20170408,0,0,0,0,1,0,0,0,0,0
1050,aio-libs~aioredis,20170409,0,0,2,0,0,0,0,0,0,0
1051,aio-libs/aioredis,NullState,0,0,0,0,0,0,0,0,0,0
1052,aio-libs/aioredis,NullState,0,0,0,0,0,0,0,0,0,0
1053,aio-libs/aioredis,NullState,0,0,0,0,0,0,0,0,0,0
1054,aio-libs~aioredis,20170413,4,1,2,0,1,1,1,0,1,11
1055,aio-libs~aioredis,20170414,0,0,1,0,0,0,0,0,0,0
1056,aio-libs/aioredis,NullState,0,0,0,0,0,0,0,0,0,0
1057,aio-libs/aioredis,NullState,0,0,0,0,0,0,0,0,0,0
1058,aio-libs/aioredis,NullState,0,0,0,0,0,0,0,0,0,0
1059,aio-libs~aioredis,20170418,0,0,1,0,0,1,0,0,0,11
1060,aio-libs/aioredis,NullState,0,0,0,0,0,0,0,0,0,0
1061,aio-libs/aioredis,NullState,0,0,0,0,0,0,0,0,0,0
1062,aio-libs~aioredis,20170421,0,0,2,0,1,1,0,0,0,11
1063,aio-libs~aioredis,20170422,2,1,1,0,1,1,1,0,1,11
1064,aio-libs/aioredis,NullState,0,0,0,0,0,0,0,0,0,0
1065,aio-libs~aioredis,20170424,0,0,1,0,1,0,1,0,1,10
1066,aio-libs~aioredis,20170425,2,0,1,0,1,0,0,0,2,10
1067,aio-libs/aioredis,NullState,0,0,0,0,0,0,0,0,0,0
1068,aio-libs~aioredis,20170427,0,0,1,0,0,0,0,0,0,0
1069,aio-libs~aioredis,20170428,3,1,4,0,2,1,2,0,4,11
1070,aio-libs~aioredis,20170429,0,0,1,0,1,0,1,6,0,10
1071,aio-libs/aioredis,NullState,0,0,0,0,0,0,0,0,0,0
1072,aio-libs~aioredis,20170501,0,0,1,0,0,0,0,0,0,0
1073,aio-libs~aioredis,20170502,0,0,1,0,0,0,0,0,4,10
1074,aio-libs~aioredis,20170503,11,2,3,0,2,2,2,0,8,4
1075,aio-libs~aioredis,20170504,10,3,2,0,3,5,2,0,3,4
1076,aio-libs~aioredis,20170505,10,1,1,0,1,1,1,3,1,4
1077,aio-libs~aioredis,20170506,0,0,2,0,0,0,0,0,0,0
1078,aio-libs/aioredis,NullState,0,0,0,0,0,0,0,0,0,0
1079,aio-libs/aioredis,NullState,0,0,0,0,0,0,0,0,0,0
1080,aio-libs~aioredis,20170509,2,0,0,0,2,0,2,0,2,10
1081,aio-libs~aioredis,20170510,1,0,2,0,1,0,1,0,1,10
1082,aio-libs~aioredis,20170511,8,2,7,0,2,3,2,5,6,4
1083,aio-libs~aioredis,20170512,3,1,5,0,2,1,2,0,3,11
1084,aio-libs~aioredis,20170513,5,1,0,0,1,2,1,0,3,11
1085,aio-libs~aioredis,20170514,1,0,2,0,1,0,1,0,1,10
1086,aio-libs~aioredis,20170515,9,5,3,0,2,6,2,0,3,4
1087,aio-libs~aioredis,20170516,0,0,0,0,2,0,1,0,1,10
1088,aio-libs~aioredis,20170517,0,0,1,0,1,0,0,0,0,0
1089,aio-libs~aioredis,20170518,0,0,4,0,0,0,0,0,0,10
1090,aio-libs/aioredis,NullState,0,0,0,0,0,0,0,0,0,0
1091,aio-libs/aioredis,NullState,0,0,0,0,0,0,0,0,0,0
1092,aio-libs/aioredis,NullState,0,0,0,0,0,0,0,0,0,0
1093,aio-libs~aioredis,20170522,1,0,0,0,1,0,1,0,1,10
1094,aio-libs~aioredis,20170523,1,1,1,0,0,1,0,0,0,11
1095,aio-libs/aioredis,NullState,0,0,0,0,0,0,0,0,0,0
1096,aio-libs~aioredis,20170525,1,0,0,0,2,0,0,0,0,10
1097,aio-libs~aioredis,20170526,0,0,4,0,1,0,0,0,0,10
1098,aio-libs/aioredis,NullState,0,0,0,0,0,0,0,0,0,0
1099,aio-libs~aioredis,20170528,0,0,2,0,1,1,1,0,1,11
1100,aio-libs/aioredis,NullState,0,0,0,0,0,0,0,0,0,0
1101,aio-libs/aioredis,NullState,0,0,0,0,0,0,0,0,0,0
1102,aio-libs~aioredis,20170531,0,0,4,0,1,1,1,0,1,11
1103,aio-libs~aioredis,20170601,0,0,2,0,0,0,0,0,0,0
1104,aio-libs/aioredis,NullState,0,0,0,0,0,0,0,0,0,0
1105,aio-libs/aioredis,NullState,0,0,0,0,0,0,0,0,0,0
1106,aio-libs/aioredis,NullState,0,0,0,0,0,0,0,0,0,0
1107,aio-libs~aioredis,20170605,1,0,2,0,1,0,1,0,1,10
1108,aio-libs~aioredis,20170606,0,0,3,0,0,0,0,0,0,10
1109,aio-libs~aioredis,20170607,2,0,4,0,2,0,2,2,6,10
1110,aio-libs~aioredis,20170608,2,1,3,0,1,2,0,4,2,4
1111,aio-libs~aioredis,20170609,2,1,2,0,2,2,2,6,3,4
1112,aio-libs~aioredis,20170610,0,0,2,0,1,1,1,0,1,11
1113,aio-libs/aioredis,NullState,0,0,0,0,0,0,0,0,0,0
1114,aio-libs~aioredis,20170612,0,0,1,0,1,0,0,0,0,0
1115,aio-libs/aioredis,NullState,0,0,0,0,0,0,0,0,0,0
1116,aio-libs~aioredis,20170614,0,0,5,0,1,1,0,5,1,5
1117,aio-libs/aioredis,NullState,0,0,0,0,0,0,0,0,0,0
1118,aio-libs~aioredis,20170616,0,0,4,0,1,0,1,0,2,10
1119,aio-libs/aioredis,NullState,0,0,0,0,0,0,0,0,0,0
1120,aio-libs/aioredis,NullState,0,0,0,0,0,0,0,0,0,0
1121,aio-libs/aioredis,NullState,0,0,0,0,0,0,0,0,0,0
1122,aio-libs~aioredis,20170620,0,0,0,0,1,0,0,0,0,0
1123,aio-libs~aioredis,20170621,7,5,7,0,4,8,4,0,10,2
1124,aio-libs/aioredis,NullState,0,0,0,0,0,0,0,0,0,0
1125,aio-libs~aioredis,20170623,0,0,5,0,0,1,0,0,0,11
1126,aio-libs/aioredis,NullState,0,0,0,0,0,0,0,0,0,0
1127,aio-libs/aioredis,NullState,0,0,0,0,0,0,0,0,0,0
1128,aio-libs~aioredis,20170626,0,0,1,0,0,0,0,0,0,0
1129,aio-libs~aioredis,20170627,1,1,2,0,1,1,1,0,2,11
1130,aio-libs~aioredis,20170628,0,0,2,0,0,0,0,0,0,0
1131,aio-libs~aioredis,20170629,1,0,5,0,2,1,2,0,3,11
1132,aio-libs~aioredis,20170630,6,3,7,0,3,3,2,0,1,4
1133,aio-libs/aioredis,NullState,0,0,0,0,0,0,0,0,0,0
1134,aio-libs~aioredis,20170702,1,0,1,0,1,0,1,0,2,10
1135,aio-libs~aioredis,20170703,0,1,1,0,0,1,0,0,0,11
1136,aio-libs~aioredis,20170704,1,0,5,0,2,0,2,1,3,10
1137,aio-libs~aioredis,20170705,0,1,2,0,0,1,0,0,1,11
1138,aio-libs~aioredis,20170706,2,0,3,0,2,0,2,0,3,10
1139,aio-libs/aioredis,NullState,0,0,0,0,0,0,0,0,0,0
1140,aio-libs/aioredis,NullState,0,0,0,0,0,0,0,0,0,0
1141,aio-libs~aioredis,20170709,0,0,0,0,1,0,0,0,0,0
1142,aio-libs~aioredis,20170710,0,0,0,0,0,1,0,0,0,11
1143,aio-libs/aioredis,NullState,0,0,0,0,0,0,0,0,0,0
1144,aio-libs~aioredis,20170712,0,1,1,0,0,2,0,1,0,5
1145,aio-libs/aioredis,NullState,0,0,0,0,0,0,0,0,0,0
1146,aio-libs~aioredis,20170714,0,0,0,0,1,0,0,0,0,0
1147,aio-libs~aioredis,20170715,0,0,0,0,1,0,0,0,0,0
1148,aio-libs~aioredis,20170716,0,0,0,0,1,0,0,0,0,0
1149,aio-libs~aioredis,20170717,2,0,3,0,0,0,0,2,2,10
1150,aio-libs~aioredis,20170718,0,0,0,0,1,0,1,0,1,10
1151,aio-libs~aioredis,20170719,0,0,1,0,1,1,1,0,1,11
1152,aio-libs~aioredis,20170720,0,0,6,0,1,0,0,0,0,10
1153,aio-libs~aioredis,20170721,1,0,2,0,1,1,1,0,2,11
1154,aio-libs~aioredis,20170722,0,0,2,0,0,0,0,0,0,0
1155,aio-libs/aioredis,NullState,0,0,0,0,0,0,0,0,0,0
1156,aio-libs/aioredis,NullState,0,0,0,0,0,0,0,0,0,0
1157,aio-libs~aioredis,20170725,2,0,5,0,1,0,1,3,2,10
1158,aio-libs/aioredis,NullState,0,0,0,0,0,0,0,0,0,0
1159,aio-libs~aioredis,20170727,2,0,4,0,0,0,0,0,2,10
1160,aio-libs~aioredis,20170728,1,0,4,0,3,1,3,0,4,11
1161,aio-libs/aioredis,NullState,0,0,0,0,0,0,0,0,0,0
1162,aio-libs/aioredis,NullState,0,0,0,0,0,0,0,0,0,0
1163,aio-libs~aioredis,20170731,0,0,1,0,0,0,0,0,0,0
1164,aio-libs~aioredis,20170801,0,0,0,0,1,0,1,0,1,10
1165,aio-libs~aioredis,20170802,0,0,1,0,0,0,0,0,0,0
1166,aio-libs/aioredis,NullState,0,0,0,0,0,0,0,0,0,0
1167,aio-libs~aioredis,20170804,0,0,2,0,1,1,0,0,0,11
1168,aio-libs/aioredis,NullState,0,0,0,0,0,0,0,0,0,0
1169,aio-libs~aioredis,20170806,1,0,1,0,0,0,0,0,1,10
1170,aio-libs~aioredis,20170807,3,1,1,0,1,1,1,0,3,11
1171,aio-libs/aioredis,NullState,0,0,0,0,0,0,0,0,0,0
1172,aio-libs~aioredis,20170809,0,0,3,0,2,2,2,0,2,11
1173,aio-libs~aioredis,20170810,0,0,3,0,1,1,1,0,1,11
1174,aio-libs/aioredis,NullState,0,0,0,0,0,0,0,0,0,0
1175,aio-libs/aioredis,NullState,0,0,0,0,0,0,0,0,0,0
1176,aio-libs~aioredis,20170813,0,0,0,0,2,1,2,0,2,11
1177,aio-libs~aioredis,20170814,0,0,1,0,0,0,0,0,0,0
1178,aio-libs~aioredis,20170815,0,0,0,0,1,0,0,0,0,0
1179,aio-libs/aioredis,NullState,0,0,0,0,0,0,0,0,0,0
1180,aio-libs~aioredis,20170817,0,0,0,0,0,1,0,0,0,11
1181,aio-libs~aioredis,20170818,0,0,1,0,1,1,1,0,1,11
1182,aio-libs/aioredis,NullState,0,0,0,0,0,0,0,0,0,0
1183,aio-libs/aioredis,NullState,0,0,0,0,0,0,0,0,0,0
1184,aio-libs~aioredis,20170821,0,0,1,0,0,0,0,0,0,0
1185,aio-libs/aioredis,NullState,0,0,0,0,0,0,0,0,0,0
1186,aio-libs~aioredis,20170823,0,0,0,0,1,0,1,0,1,10
1187,aio-libs/aioredis,NullState,0,0,0,0,0,0,0,0,0,0
1188,aio-libs/aioredis,NullState,0,0,0,0,0,0,0,0,0,0
1189,aio-libs/aioredis,NullState,0,0,0,0,0,0,0,0,0,0
1190,aio-libs~aioredis,20170827,0,0,1,0,1,0,1,0,1,10
1191,aio-libs/aioredis,NullState,0,0,0,0,0,0,0,0,0,0
1192,aio-libs/aioredis,NullState,0,0,0,0,0,0,0,0,0,0
1193,aio-libs/aioredis,NullState,0,0,0,0,0,0,0,0,0,0
1194,aio-libs~aioredis,20170831,0,0,2,0,0,0,0,0,0,0
1195,aio-libs/aioredis,NullState,0,0,0,0,0,0,0,0,0,0
1196,aio-libs/aioredis,NullState,0,0,0,0,0,0,0,0,0,0
1197,aio-libs/aioredis,NullState,0,0,0,0,0,0,0,0,0,0
1198,aio-libs~aioredis,20170904,0,0,1,0,1,0,1,0,1,10
1199,aio-libs/aioredis,NullState,0,0,0,0,0,0,0,0,0,0
1200,aio-libs/aioredis,NullState,0,0,0,0,0,0,0,0,0,0
1201,aio-libs~aioredis,20170907,1,0,3,0,1,1,1,0,2,11
1202,aio-libs/aioredis,NullState,0,0,0,0,0,0,0,0,0,0
1203,aio-libs~aioredis,20170909,1,1,2,0,1,2,1,0,2,11
1204,aio-libs/aioredis,NullState,0,0,0,0,0,0,0,0,0,0
1205,aio-libs/aioredis,NullState,0,0,0,0,0,0,0,0,0,0
1206,aio-libs/aioredis,NullState,0,0,0,0,0,0,0,0,0,0
1207,aio-libs/aioredis,NullState,0,0,0,0,0,0,0,0,0,0
1208,aio-libs/aioredis,NullState,0,0,0,0,0,0,0,0,0,0
1209,aio-libs/aioredis,NullState,0,0,0,0,0,0,0,0,0,0
1210,aio-libs/aioredis,NullState,0,0,0,0,0,0,0,0,0,0
1211,aio-libs/aioredis,NullState,0,0,0,0,0,0,0,0,0,0
1212,aio-libs/aioredis,NullState,0,0,0,0,0,0,0,0,0,0
1213,aio-libs~aioredis,20170919,0,0,0,0,1,0,0,0,0,0
1214,aio-libs/aioredis,NullState,0,0,0,0,0,0,0,0,0,0
1215,aio-libs/aioredis,NullState,0,0,0,0,0,0,0,0,0,0
1216,aio-libs/aioredis,NullState,0,0,0,0,0,0,0,0,0,0
1217,aio-libs/aioredis,NullState,0,0,0,0,0,0,0,0,0,0
1218,aio-libs/aioredis,NullState,0,0,0,0,0,0,0,0,0,0
1219,aio-libs/aioredis,NullState,0,0,0,0,0,0,0,0,0,0
1220,aio-libs~aioredis,20170926,8,8,5,0,3,10,3,0,4,2
1221,aio-libs/aioredis,NullState,0,0,0,0,0,0,0,0,0,0
1222,aio-libs~aioredis,20170928,1,0,4,0,1,1,0,0,0,11
1223,aio-libs/aioredis,NullState,0,0,0,0,0,0,0,0,0,0
1224,aio-libs/aioredis,NullState,0,0,0,0,0,0,0,0,0,0
1225,aio-libs~aioredis,20171001,0,0,2,0,0,0,0,0,1,10
1226,aio-libs/aioredis,NullState,0,0,0,0,0,0,0,0,0,0
1227,aio-libs/aioredis,NullState,0,0,0,0,0,0,0,0,0,0
1228,aio-libs~aioredis,20171004,0,0,1,0,1,0,1,0,1,10
1229,aio-libs~aioredis,20171005,0,0,1,0,1,0,1,0,1,10
1230,aio-libs~aioredis,20171006,0,0,1,0,0,0,0,0,0,0
1231,aio-libs~aioredis,20171007,0,0,2,0,1,0,1,0,4,10
1232,aio-libs~aioredis,20171008,0,0,0,0,0,0,0,0,1,10
1233,aio-libs~aioredis,20171009,2,4,3,0,2,4,2,0,3,4
1234,aio-libs~aioredis,20171010,0,1,2,0,1,1,1,0,1,11
1235,aio-libs~aioredis,20171011,0,0,1,0,1,0,1,0,1,10
1236,aio-libs~aioredis,20171012,0,0,1,0,1,0,0,0,0,0
1237,aio-libs/aioredis,NullState,0,0,0,0,0,0,0,0,0,0
1238,aio-libs/aioredis,NullState,0,0,0,0,0,0,0,0,0,0
1239,aio-libs/aioredis,NullState,0,0,0,0,0,0,0,0,0,0
1240,aio-libs/aioredis,NullState,0,0,0,0,0,0,0,0,0,0
1241,aio-libs~aioredis,20171017,0,1,0,0,0,1,0,1,0,5
1242,aio-libs~aioredis,20171018,0,0,0,0,0,0,0,0,1,10
1243,aio-libs/aioredis,NullState,0,0,0,0,0,0,0,0,0,0
1244,aio-libs/aioredis,NullState,0,0,0,0,0,0,0,0,0,0
1245,aio-libs/aioredis,NullState,0,0,0,0,0,0,0,0,0,0
1246,aio-libs/aioredis,NullState,0,0,0,0,0,0,0,0,0,0
1247,aio-libs/aioredis,NullState,0,0,0,0,0,0,0,0,0,0
1248,aio-libs/aioredis,NullState,0,0,0,0,0,0,0,0,0,0
1249,aio-libs/aioredis,NullState,0,0,0,0,0,0,0,0,0,0
1250,aio-libs~aioredis,20171026,0,0,0,0,0,0,0,0,1,10
1251,aio-libs/aioredis,NullState,0,0,0,0,0,0,0,0,0,0
1252,aio-libs/aioredis,NullState,0,0,0,0,0,0,0,0,0,0
1253,aio-libs/aioredis,NullState,0,0,0,0,0,0,0,0,0,0
1254,aio-libs/aioredis,NullState,0,0,0,0,0,0,0,0,0,0
1255,aio-libs/aioredis,NullState,0,0,0,0,0,0,0,0,0,0
1256,aio-libs/aioredis,NullState,0,0,0,0,0,0,0,0,0,0
1257,aio-libs/aioredis,NullState,0,0,0,0,0,0,0,0,0,0
1258,aio-libs/aioredis,NullState,0,0,0,0,0,0,0,0,0,0
1259,aio-libs/aioredis,NullState,0,0,0,0,0,0,0,0,0,0
1260,aio-libs/aioredis,NullState,0,0,0,0,0,0,0,0,0,0
1261,aio-libs/aioredis,NullState,0,0,0,0,0,0,0,0,0,0
1262,aio-libs/aioredis,NullState,0,0,0,0,0,0,0,0,0,0
1263,aio-libs/aioredis,NullState,0,0,0,0,0,0,0,0,0,0
1264,aio-libs/aioredis,NullState,0,0,0,0,0,0,0,0,0,0
1265,aio-libs/aioredis,NullState,0,0,0,0,0,0,0,0,0,0
1266,aio-libs/aioredis,NullState,0,0,0,0,0,0,0,0,0,0
1267,aio-libs/aioredis,NullState,0,0,0,0,0,0,0,0,0,0
1268,aio-libs/aioredis,NullState,0,0,0,0,0,0,0,0,0,0
1269,aio-libs~aioredis,20171114,0,0,0,0,0,0,0,0,1,10
1270,aio-libs/aioredis,NullState,0,0,0,0,0,0,0,0,0,0
1271,aio-libs/aioredis,NullState,0,0,0,0,0,0,0,0,0,0
1272,aio-libs/aioredis,NullState,0,0,0,0,0,0,0,0,0,0
1273,aio-libs/aioredis,NullState,0,0,0,0,0,0,0,0,0,0
1274,aio-libs/aioredis,NullState,0,0,0,0,0,0,0,0,0,0
1275,aio-libs~aioredis,20171120,0,0,0,0,0,0,0,0,1,10
1276,aio-libs/aioredis,NullState,0,0,0,0,0,0,0,0,0,0
1277,aio-libs/aioredis,NullState,0,0,0,0,0,0,0,0,0,0
1278,aio-libs/aioredis,NullState,0,0,0,0,0,0,0,0,0,0
1279,aio-libs/aioredis,NullState,0,0,0,0,0,0,0,0,0,0
1280,aio-libs/aioredis,NullState,0,0,0,0,0,0,0,0,0,0
1281,aio-libs/aioredis,NullState,0,0,0,0,0,0,0,0,0,0
1282,aio-libs/aioredis,NullState,0,0,0,0,0,0,0,0,0,0
1283,aio-libs/aioredis,NullState,0,0,0,0,0,0,0,0,0,0
1284,aio-libs/aioredis,NullState,0,0,0,0,0,0,0,0,0,0
1285,aio-libs/aioredis,NullState,0,0,0,0,0,0,0,0,0,0
1286,aio-libs/aioredis,NullState,0,0,0,0,0,0,0,0,0,0
1287,aio-libs/aioredis,NullState,0,0,0,0,0,0,0,0,0,0
1288,aio-libs/aioredis,NullState,0,0,0,0,0,0,0,0,0,0
1289,aio-libs~aioredis,20171204,0,0,0,0,0,0,0,0,5,10
